,Hash,gpsX,gpsY,orgX,orgY,col,row
0,344f8945b99665ac0d2b6b1d3b9de9cf,7.0018316,139.1585559,23.9006563,139.7809168,28,2
1,835bb45130456c35fa04aa2f67f2df16,129.8587996,20.0558469,127.8750382,16.2957684,4,26
2,ea502c2e4215c845498235607f383b7c,56.6167978,191.1522449,49.4676373,185.0721857,38,12
3,8706d0e3df8368ca770f893545722186,19.1045771,165.0794017,30.220992,161.3352694,33,4
4,047352f1184920583dfd03e500e4c54c,199.9364293,143.939621,193.5515702,144.9161155,29,40
5,b935fa3068d3e9b721dc50868cb9dd62,141.6843592,218.5827368,125.6434465,208.7688341,43,28
6,78f2fd37edc72c70a6a74a8cc46aedf7,34.8679829,147.2572531,26.5790676,149.2549111,29,7
7,ead273049cadca77c7f7f3f3d37c7076,212.8361182,97.2019028,201.5392531,99.0197844,20,42
8,b07c09a1a269b2e1dea3bd88996d37b4,122.3111219,200.5439525,126.6077826,200.1342419,40,24
9,b5821f22d723c3a16caf91463536d756,24.1517062,133.478266,23.8959154,136.193255,27,5
10,f236f179d99217543bc2c61d7e1c905a,12.8636279,120.948112,20.0017765,110.565483,24,3
11,e69d370f51fa66355c0162d008c2d779,156.7281937,202.7039659,144.8073291,194.7847265,40,31
12,87bd446227119283c816aac0d3901913,120.194629,197.1043901,122.99911,203.439944,39,24
13,d0ba86a64e19d45a2e506e3a32687210,188.342276,165.8770056,189.1798891,156.1578289,33,37
14,bb3e6a9745dcd8d2362d52b74e87eb3d,20.8935872,94.3531545,19.1451549,97.9419273,19,5
15,f86bcb44f186e5c4d6636b266171117f,42.8307926,35.9056536,45.577356,39.6457326,8,9
16,93a71aa8f38b0f2a0b544d99b53efcbd,189.813742,92.4657877,197.7089356,87.4801729,19,38
17,83701d5b610a4ba35b195463d280c817,2.3181429,113.2170717,11.7057667,116.184149,23,1
18,1f8eb8e3f57e858b87c22de5f9623e46,15.155923,154.1386498,25.7558444,161.9896359,31,3
19,7bcbb9e467d31043b56023ff0578a4e4,18.8113953,112.7173059,17.2656456,109.4173252,23,4
20,44d00bdb1776b00cdb06c954c4b664ce,100.8900398,16.750032,104.1770468,17.4468087,4,20
21,b5c82b76d8d0de469180df06ceabdfe9,131.0078144,21.4688794,131.734895,18.1980701,5,26
22,158c0231a660c516a663e7e7b348c885,40.9467043,41.9149635,36.5044252,45.2049348,9,9
23,d1ffe23eaba8cd8b8cc197f2dd4a739d,192.9886599,140.0636271,193.6798837,143.1312097,28,38
24,b0202d4e522969b229769c2714051719,175.8533986,170.8065146,177.9196984,176.2337872,34,35
25,97c16722871bacd4e2ff2d14efea4b36,15.763242,70.8935271,18.9016949,71.2559837,14,4
26,6ae0bbfec5bbf0fdea7d4a68180b2b38,59.2653653,177.7286806,55.5894738,188.9904718,35,12
27,7e5cb113b867753124fec24d36416c4d,169.3985342,183.5791654,167.3490313,186.8836043,36,34
28,2d3f13401fe967193ce46dcbb58f9412,68.5444486,40.5240889,55.3387878,33.7625297,8,14
29,be8baceca2292ca8f8385e55dcb953e5,179.6656543,51.391629,192.3834152,64.0329151,11,36
30,da19fbcaf4d41d659c015ed21101b0f2,162.3604216,30.8848373,160.5591792,33.5554488,7,32
31,ce5bb284e5c00343ae301e00d57c5423,121.6345193,198.3055696,129.2015858,201.2759503,39,24
32,3b1adb6df39f896ebbe80dcbaa8b1cb1,156.4941655,31.3355134,155.1483351,25.3735985,7,31
33,32ab2e0f73386cbe2c7f72dcb1ef21f2,200.6481015,63.1653658,196.3862876,65.983988,13,40
34,ee6bbea76b6faaceb86865c6b585ff5a,8.950627,149.4540547,17.7605334,144.5236267,30,2
35,9b93d624a5bcf33052b95d2ce32ae8bc,197.8336232,152.1203191,194.9966052,153.3079335,30,39
36,9f4ff86f04a1bd3cc61520d1af18a325,15.1958206,129.7975462,15.5941912,134.2392919,26,3
37,e51af505d9b6c40a8121d6c6ef828450,142.6113582,4.6816826,146.6279305,17.4884077,1,28
38,5bfff90232b6566a82d943b26305463e,197.9552923,62.1931716,195.6180601,71.6653188,13,39
39,27670dd7c778cf82d9e277c0252a9a74,105.2999839,1.8007847,116.5879066,14.8338322,1,21
40,0a6a92d0f2affc049dc830a42d23da89,157.2153245,181.4493285,165.203355,189.0733178,36,31
41,e31fc589129b9ee316cda2e992dff39c,126.7106175,12.5806292,125.8490121,20.8439076,3,25
42,857dfe783ab9f6a97c791998d3dbe063,89.1753893,7.4448496,79.8483714,15.1797527,2,18
43,92260c0b8baf1bc1f70fc2abf8f8f6bb,143.4090696,9.1829984,131.2619731,14.8794002,2,29
44,609cdcbf5f41ce615cbe2a7e296d9c3b,58.9867103,44.8033707,49.6566525,36.1171169,9,12
45,a02d383dc9c935358021c22496637143,167.7720396,173.2860225,174.0676956,179.9666377,34,33
46,9158d2848df2adb548c62b8ef6bbaf16,30.1023994,48.2091073,40.5911062,51.8415487,10,6
47,f876960f90f4faacfc716d5f354a154a,95.361962,20.9860226,98.0139165,19.6875767,5,19
48,5bf4c2ec154ca4a4c3dff3b8746f46ea,16.5078057,91.8884904,13.115291,106.3458012,19,4
49,c923fc4405a944ca5e063d76806767e1,136.3619167,26.109126,138.4272281,20.6026136,6,27
50,8ccf2bae5ae4d87af9ea253f6cd3aa69,61.7999113,22.4894932,58.658605,33.4228418,5,13
51,8aceeaa98c432ae2b294677712575006,208.6878988,159.2230677,194.1652188,154.9022933,32,41
52,1230b471458d1240a4c509b1b78a6121,179.201159,172.7459989,182.7259665,174.1165642,34,36
53,4e2498ef0c4005ddb2b626962800238a,78.6689015,198.4148505,86.7892823,198.0980283,39,16
54,722a5d2d3d906fb39812c195049e5bf1,60.3227384,29.5107179,69.895386,30.0523926,6,12
55,a352cfe53d245b75f14a3716806d3e0a,119.2942595,3.4455608,120.0576762,16.197851,1,24
56,f70355f8effba8831c3d25def940192f,25.0626105,123.4139625,16.733574,111.1720822,25,5
57,06274e93aadf11fbbe273ffc22d8bd5a,201.547521,102.2990011,208.9929953,110.6219995,21,40
58,d4fefcc51daadf018511bde804ffcfd6,96.9477622,3.1619484,105.1807343,14.2045164,1,20
59,059b197501412eca453b9b8a38635edf,29.2002945,68.4793673,25.3872043,73.3847737,14,6
60,1d3907b8d73c7aff53ca50739b2c582c,17.8100775,112.2365653,19.624836,115.6859234,22,4
61,afbcc21f5a658eacab88d987d5781aa7,216.3026417,91.5419054,200.081741,81.9771532,18,43
62,d0549a9a6d46094f0e967fcf782bc147,154.1507398,187.6810562,157.5565854,187.0608278,37,31
63,4f4590ad67efec4bb8fa8c0fa14a7164,27.1780642,134.725975,14.3800761,131.3735853,27,6
64,2936ef6a23a56dd067faede4ea253523,145.5802042,181.3834012,160.2573306,185.9881617,36,29
65,ea288e935c30eb25cb8777180d836050,193.6930651,97.2329206,200.5939251,83.6800317,20,38
66,d98caf160937f0636a41f70d3fcf388b,158.0173299,30.8608256,152.8667557,27.1601469,7,31
67,d39e3bdfb4c6c0257a2767623c7bccdd,40.5948635,38.4722945,38.9987836,42.4809118,8,8
68,faa2fa8fd0bc1ba05105e7ae4c8a77e7,56.4520389,171.7793637,40.9103854,176.5328878,34,12
69,5a195601bc1c471233188eb48a34d2d4,23.9824551,112.709791,20.0159883,111.6963596,23,5
70,4917730dccf9db4014ee15aae35c0894,215.2286031,98.3101465,205.1202548,91.2346828,20,43
71,c28d5bc4c31e216011a8004549b983e5,145.207909,200.9161044,137.1460465,199.2361595,40,29
72,1b099547923533a655a466ce0c9efdd2,32.7128949,40.8167342,37.4440611,52.2450372,9,7
73,fbcb72181bb8a4dfbbd9c506f2d3f331,171.697882,42.9545799,186.8836043,52.6509687,9,34
74,feb4f3ef6ac262974a51c8795f8ccd13,130.1035516,216.8582923,138.7992498,202.5775524,43,26
75,142d800e00e0b8d6ef8e84a2b2653a5f,165.8064588,186.5428027,177.6028026,172.688604,37,33
76,c2cdba58d7503eb4292a251f4d7a394d,198.369623,78.0660913,197.7149382,75.2711992,16,39
77,f793d67eab0c0ecff38b1d589f42deb8,60.1496308,193.4204914,72.9952524,192.6477384,38,12
78,230bf30d565898f80c312a30b64f8c3a,207.468547,143.8786769,196.266961,135.6517336,29,41
79,18838980ad23d5cebaf2f560a455af2c,138.6583642,210.739334,134.1383187,206.5263776,42,28
80,489879955c99a5cec1888df99fd20784,187.4201488,150.0870239,190.2269781,155.4272163,30,37
81,c37a11091c317eb36b4f0b77273f6e3c,71.577566,31.6492164,75.2711992,22.2850618,7,15
82,64196cae9dbb60a77f9427b5044fdab1,110.5001241,10.2397608,118.6251694,18.7552388,3,22
83,ab8d0a3996b9e3bf35ed21c7dec6383f,127.6184713,203.7169099,123.6620624,203.8794336,40,26
84,701573ad289d0a9b483fe4b379430670,29.2033806,143.7141685,23.7183246,155.337319,29,6
85,8d9f8841cc3eb4ba97bd66798b686b2e,136.8481371,197.9827244,139.3799867,198.525795,39,27
86,32f67baa3d8475c77c1ce4441ff06722,206.3449068,97.0456934,200.9825917,92.0509607,20,41
87,34efe0df8eaff6780bb089be949a1fc9,206.4785332,135.9134681,207.9855052,129.9709981,27,41
88,4d33dd27309f5c96f96d01365b1d79a8,217.14308,94.2619693,203.0965257,89.1904611,19,43
89,29de091667449089d6079828900c577e,40.6350351,193.9777838,46.1183858,181.5481612,39,8
90,2f56b0f77780a5d0a2ef186b84e78dd6,27.213627,123.3480261,13.9712019,123.3592643,25,6
91,19b8cc348e752a4a268a23b91d800178,30.928389,154.5728653,25.9343765,158.300838,31,7
92,48bee8fdf72b5478f782763ade68ca39,127.937647,193.4274876,114.0056862,201.0162319,38,26
93,d41a32870e2a01ed1dbf50ed18ef863b,147.5925268,202.3816901,144.1658593,201.2835914,40,29
94,ecee36ded67b8506895874c027754545,15.6702932,155.4199644,29.3159276,151.1105882,31,4
95,dab74e7a05dd29ae8924e9f7b735be53,90.4701881,18.2126634,83.3260947,22.3158921,4,18
96,d29617a2d62827be51d4228946140934,73.8285102,27.5874537,66.4004262,25.7439785,6,15
97,78166c4e6b8a6b067ff8ae6643a29c5d,119.3223164,200.1777319,126.2637165,208.6685944,40,24
98,6257d1081a10d43f8d6cd791b49bd9c8,139.8454895,205.1678386,128.9624924,197.4095183,41,28
99,6cf7f255bf0fcca0ae45b3923785cec0,144.0501929,7.327253,139.3799867,21.474205,2,29
100,5ac7c3911d48b8fc8f3098710a0dc9e2,133.028442,200.149052,135.1546439,203.0980338,40,27
101,dfbe3097c9449752906bcc5eba19aaf8,84.8225381,185.2807462,72.5466936,193.6495657,37,17
102,ab436ef44499f175aff154c5fb4c2023,8.2525145,87.0364636,14.2498691,98.5146858,18,2
103,d97ba9cc97694fe4e32f947223452ce1,52.9037386,46.1480744,44.5062783,42.8392047,10,11
104,46a4a420dbf31d1871f07bc4b9d68cff,41.8681713,26.5624381,41.0886192,37.534687,6,9
105,f4e0a1b01cdc514be09b1eb3b3521a75,139.6395213,198.1559904,132.656727,198.2421256,39,28
106,77caadef5768f6e94aa2dea0c415838a,194.836144,169.2562727,189.1774955,151.6043772,34,39
107,fc1e3230ceec95035f0e9fe0752a0ca4,46.2719097,171.7098505,50.0589319,177.1347031,34,10
108,40f428719af5e9357bf363323661f0c0,163.596777,42.9966674,172.9399364,32.9379185,9,33
109,db6ccdb1bf6dca9baaf237bf2cbf81ea,111.3724766,2.5977686,120.9802156,18.4607469,1,22
110,1d4b078828654bf672894a01113ca4c8,206.5678437,146.0650771,200.081741,138.0228468,29,41
111,02edfded38d6070c7a1afc0dcf3a8944,192.6488398,126.8649976,201.4268558,135.3205459,25,38
112,9a5c8f111ed1840f56b00496ec61716c,25.835652,89.3222086,22.2850618,75.2711992,18,6
113,d363dba917687a597fdf67eee259adc8,100.3225629,19.5362459,103.1374014,19.1545007,4,20
114,1f395ad1eae7395d0d5f12a752c6296e,103.1928261,22.3531211,94.3565535,11.2311659,5,21
115,1ccc00e1b7518e5f5d7e25cab637c946,149.5740863,177.1285331,149.4075344,195.1295849,35,30
116,26cca48c3b9796b978db5417193cc7d7,19.1882343,96.986876,11.2003946,103.7840557,20,4
117,131e6d0889abd9a977797017768edc4d,11.9136681,119.5070595,17.6396786,126.4186183,24,3
118,9a988dced8f028f96f026b1de62e814a,52.0824863,52.0101992,45.3553947,42.0215108,11,11
119,ec54d699c6ff7a5df33d15f45283b7fd,130.6912006,18.7796715,140.7468027,15.3710714,4,26
120,ec568b1a44bcce6f2d07d5549225d083,63.9021351,16.9146482,58.0496648,28.1393704,4,13
121,cf64949f886501db028334c4c2f2cfa5,58.7848623,36.7294556,56.2968604,29.9002322,8,12
122,2d57b236d6cb6ba0451556c327992dc8,134.4520089,184.4965122,130.6066568,197.0365768,37,27
123,1f7d7df7d52d555b35c088c5eaecded4,37.4400554,28.3225428,42.0046621,36.6744654,6,8
124,255afc7c43b491ac5074cde0820c8f26,79.9618628,202.5603472,78.4046302,197.7595158,40,16
125,267e1ae74dc50e1d8005322f401c24a9,204.7464897,113.3428819,202.1936247,109.4207227,23,41
126,8197421f262ea8ad75abfa2dd0fad21d,85.9679671,210.8629828,99.084565,200.9991938,42,17
127,6bfd0b3818d97140dc269ec90d759b3a,142.3562381,214.4860647,141.5480888,194.2894898,43,28
128,2294e69b7e2f15a17b0e9a4424631d64,83.2611676,13.539901,84.2782909,21.4652967,3,17
129,a4d8f2986be22977ae97b84eb055234e,80.1042937,6.4854974,92.153302,13.1418802,2,16
130,abb5a0abf602b8283e5443a189f52e8d,8.747542,92.7150342,13.9312483,93.5441514,19,2
131,da1ec582cafb6ba725bdc33c414d3504,24.7439291,144.6922848,18.9346531,150.0886842,29,5
132,75f261a638c736b207c1128e56179aba,66.6916672,187.1605547,58.1644809,189.4548863,37,14
133,8478704e3483a4ae7f2c8ac291644dd6,18.3518916,158.3909338,24.5881901,156.9555399,32,4
134,86c8c82f7b98238391bee30d48a7fffd,33.6433876,166.2632799,30.624519,158.9850284,33,7
135,ed45e1623c878933c618a98d266d9982,105.1671257,222.5252125,110.5993737,205.3920371,44,21
136,35dfd49a79f6edc07e108c86494bfbed,197.5231572,146.4214703,199.9191438,146.2566902,29,39
137,8fd65cfe567281df52d20f5740f43483,88.4900993,205.8337559,92.9050824,202.7780351,41,18
138,87e87f2e4eafc019736bcb5847a26358,-3.3914707,126.5470448,14.8797452,128.7653172,25,0
139,24d61ac5d6b6c33025bfcb2a61edd0f4,51.2566572,189.1562921,55.1119289,192.9897563,38,11
140,2ce5f20c05664cb59acd83e06b2b59d6,130.703034,11.455581,117.41883,11.7912379,3,26
141,58fa52e405c35225934bc649755aee1d,11.1513695,91.324917,14.9241301,102.2167517,18,3
142,1f9155e82619ac84fa79d55c1a4dc217,25.5321724,157.8701332,28.0605873,159.859128,31,6
143,e271c8495839c81efdfdf580abd3f374,219.2711297,105.3613032,207.4660195,109.3875949,21,43
144,671a42b1d6a2babd85f4eab979126f9e,192.7550174,94.1970391,197.8499731,83.8775531,19,38
145,49d280f88fad849855f03b9f9f78f973,186.7954063,160.4058683,197.9851727,145.4768853,32,37
146,85c70a3268c9322aeea6955f7e917117,113.0873435,3.4443965,120.3363349,13.5989617,1,23
147,a10e3c71a6f44815f2b410cdc2a94c25,136.8601634,15.1183836,143.0569879,19.9598115,3,27
148,0c49f4c257a652483dc7c7580bc332ac,217.9776345,97.9621604,204.9168069,96.186971,20,43
149,57e2263e7f0e751eb61056845c5920a7,61.9742279,40.9162306,56.9148285,33.9607695,9,13
150,9e9e0053b25fd7e63db486be4461a1e5,24.2411281,113.0975869,19.4479361,109.4310371,23,5
151,b00ba582232e5c37307ca64033da4382,132.1152725,201.2723678,141.1820746,203.9557248,40,26
152,1b86195b42675403721a14bce626d152,29.246641,73.2646696,27.9393463,56.4645061,15,6
153,cb13a1dac8b4ef0ff91f9e1ad336a912,81.5319821,198.5336268,75.9306949,194.4942747,39,16
154,e3b73c962b4e0954f7c2b595bdf7e20a,148.8239455,198.7771901,154.9427665,198.2051457,39,30
155,d4d8bf7a265cfc5a0594822b4ccd23e7,35.2938353,168.8603406,42.9714649,177.8761776,34,7
156,e660729ff2d604967aa5f0bfeb984d08,100.4834468,20.483383,103.5215953,16.4156516,5,20
157,44d9113140775128a068868ea5ef8a35,55.9070946,175.2829114,43.656599,169.9879416,35,11
158,649a2020a3d61b51c1a15e9bcca34daf,47.2845747,44.5759891,37.7039548,44.6296562,9,10
159,998ce40af2931a9066a1b3f5ddbf2c0a,115.4280651,197.8555534,113.4337391,201.0396037,39,23
160,1c08b004fdce671c0817f4b3b8e7a76d,19.8430102,144.7024291,23.1794501,137.607827,29,4
161,e6efb8d2815cd3bbfc5d59e2ac78c7c4,59.6437954,172.7185571,50.7837154,183.4399867,34,12
162,0c5ba738d4a5ad1e0f049b6caeeed7a7,95.1998883,20.8574138,90.909087,19.2501403,5,19
163,bb303757e0d0a61d944974352495a4cf,67.7430117,19.3068622,63.025155,29.4185882,4,14
164,dc124d7cd7e77d04728bbd63bd147504,111.6250152,22.782401,103.233527,12.2543359,5,22
165,d44ad6f34fcb7177d3c4cab42367b711,85.934134,214.8961908,83.5325797,201.1014581,43,17
166,a04f99100ecef514677cf44eb8746163,220.1446195,83.6807925,204.2252095,81.3362618,17,44
167,d3a4a06487a5b8fa0f39f14267224a32,206.7976164,103.3631043,203.7042316,92.1249618,21,41
168,3dffaa18adbde77505ad6da7e6c82413,112.4229463,19.9835116,119.4681052,16.1365088,4,23
169,082c116a2b4e3c5e1562591768de4744,1.0797757,147.6246044,16.3835455,143.7039975,29,1
170,db75d47cfe54038e5173dff09500dd83,108.0212888,194.3960705,107.6831197,202.1663283,39,22
171,95a88dc1f879a20fb057eb02b10334d3,28.2375115,145.6646369,28.3695281,156.2219218,29,6
172,4cc984b8118c066456a57ee852059e78,49.5281383,169.0573756,38.575953,177.0716446,34,10
173,c27e1880b2eba259ae712c73bece4ea7,95.8557865,206.6809187,81.7845325,204.888816,41,19
174,fa73d4d0f9dfb1ad2755820185ba7f0d,24.9816137,57.3804587,37.2740335,45.8834358,12,5
175,9dd48e5d65811e364e7fd2c7e5fe9a28,194.1911619,130.5550081,201.2221364,139.6398689,26,39
176,73f8ad887936473fc29a15ba41977415,123.6426956,10.4667048,121.7900173,11.7096368,3,25
177,16bcbaeeca3475e650aee857cad17b66,87.9272828,31.4360449,77.8729989,24.163785,7,18
178,cf3a1638357d8a4bc743bd44b50a2488,133.3793024,28.4177914,128.0530925,18.4899686,6,27
179,55df64425924decfd53a166c93912f39,178.8691843,53.1064674,169.8779396,35.7394294,11,36
180,36a8aac7437a44153f848546649f3e1c,110.9173132,203.7559113,122.9609704,199.0618507,40,22
181,73c3fc020fb3b62e3398b8af17d8e03c,192.0351645,166.9504432,194.8759747,147.3640057,33,38
182,97e04b65127621a91c23a7634dc9bd9d,123.3554074,205.4259545,114.1010731,203.1835887,41,25
183,10cc3b6b7a4dbee32f71feabbf2cbdca,138.9422554,37.0579159,133.7637922,22.049547,8,28
184,0b4e4660a40de2350ae83c22fa0a5d29,133.5016698,205.3590326,130.663897,205.2523142,41,27
185,0cc38b1d9cf494eaa657685e2cab9292,184.0323624,157.0716146,185.7041877,163.561889,31,37
186,1f784e4ce61299bd63415f5061095432,167.7323297,165.0541391,169.3848786,179.0900586,33,33
187,8a90a1d7a4871d30615d49b1bdfa110a,61.6017834,178.3415156,48.1994513,184.7040305,35,13
188,afbd4a561135f03e3747f44191f98a38,16.9507684,144.2852913,19.1575219,140.7838296,29,4
189,b61fcbaeb02f53a7d89f559aea50ec2a,182.0401637,59.7992703,187.4404296,49.1478853,12,36
190,507a3e94200ca7c2b4c27d690b6b5fb9,181.1822763,183.8779546,172.9774933,182.345251,37,36
191,758fee66d8ba01081ba47336bff5c82f,38.0754779,40.4345749,42.805234,36.6183714,8,8
192,71a264f330f0acbf049adb45e8a04422,77.9085714,17.169585,76.7638401,19.4717852,4,16
193,63942fa423be83665b522f07ef50a8e0,27.113806,79.7093314,21.9844444,80.7893519,16,6
194,432a450d7d017f48d0c377c9482d2d6d,43.2440965,49.2340573,47.6001828,36.472707,10,9
195,c9a3196de3575ad1fe350b4434ff54d9,102.3132417,0.6381246,100.9734477,14.5090509,1,21
196,c342c499ec30d24b5afb9290aace160e,18.8341822,133.7139475,22.4852189,137.2243106,27,4
197,177d39cf3cb9a1d3ff679258b3d09a8c,30.8406564,169.081363,26.019584,154.1281059,34,7
198,be44bf4694fc9a8bdb85a87635f2dc0d,77.7052287,178.5937638,63.8421711,189.1798891,36,16
199,50389095f8c2d14a294a035768dd7574,50.3098674,41.2705905,46.4202311,34.1210636,9,10
200,c73381cc475df830a84685e2e986f938,177.0285155,36.2077595,180.7106781,39.2893219,8,35
201,9376d7b00ea8a75851090fe5d4d47b0b,100.3724383,201.3787361,98.8277879,208.3625014,40,20
202,6cb39757f1b697005a06e24cfab3055d,25.2642869,129.498432,16.6486996,142.947454,26,5
203,f7b999a18e70259595a6b653128d2cb1,188.7814682,85.0496544,197.5592652,77.8538482,17,38
204,7bb4612f026d63f6ef931374fd51c38e,17.4006719,144.4277376,17.7916497,139.9603092,29,4
205,e3a2774c8c4388935d66bc711c146833,210.0725943,63.3624287,199.9191438,73.7433098,13,42
206,b2beea35aae34e7d91578b4ede8af7f2,37.8800911,57.2671936,28.6009499,67.87881,12,8
207,a4aadb44cbe6762de237d899b1f92f57,90.9512022,29.5667686,97.9419273,19.1451549,6,18
208,b4163ad652ca257d8f12ae91455384ca,165.4824589,26.0750503,162.7419756,28.034861,6,33
209,927e4d7e0c30303ed7f2065c9fd4dc63,107.1735624,23.5775726,117.7832483,14.9241301,5,22
210,7b535aed68baea3002a082f3745cfa97,195.6310976,63.2473834,192.3717055,73.7384208,13,39
211,d5b63af7514faf03e4503727b4a47301,25.3509206,58.906424,34.6240158,51.5323935,12,5
212,7f281f23fc2696e14e54434ee345886b,75.0937631,201.1347718,76.7453945,198.8489235,40,15
213,002af93252909297c514d56a090dd033,106.1089839,17.6178423,102.0933923,20.3479752,4,21
214,4f881be6a689079205b76c847f6d406f,85.6547235,193.8375561,98.650593,199.8398072,38,17
215,59c4aa25326d7564f87863cbc47195f4,174.102173,176.6802347,173.7276216,185.0918787,35,35
216,917b0ca67b0e851667f0238573bdbd29,167.7460797,28.1425236,160.8848452,28.6935887,6,33
217,a8e71a2b5ee134f41daec6dd64e5eb2d,180.2205627,64.1352503,194.0095679,56.6859071,13,36
218,fffcf0493ddd8c9c186047d25e08acc2,142.172246,190.0865545,152.1499994,199.5733082,38,28
219,d5fe7c5d5f2d00e965120e6b0c2137c3,34.9203578,107.6251112,19.4479361,110.5689629,22,7
220,f900699664794cdc9459ed01a0051e73,14.5440293,138.2789091,15.4984682,118.3342963,28,3
221,9200452941f772ec1542f3004ed4bc17,193.6886459,149.6981375,198.1233575,152.8284235,30,38
222,883ddc20f24e5c971749e46f5dead9bc,58.4617673,43.2155028,53.9115409,34.8063516,9,12
223,d53dee253540006244e29cac49a0c299,163.0442267,191.5088717,157.6238204,197.931631,38,32
224,d0d985f41ac91d39c18deda2db1cc0e8,25.5540457,137.6954681,18.0666204,135.4608271,27,6
225,588db422ce3d3dea81f78830867ee6dc,43.0504396,34.2565525,55.6691826,27.8528011,7,9
226,5abcae18dd07881c5aa391539c6c3a4d,135.1773711,7.0029714,121.2290685,11.1369229,2,27
227,79fdb9d0f8fa5e83ede6007276ad19a4,15.2766216,72.1844905,20.5400628,78.4259657,15,3
228,580c3e22418cf3a657254896a4573781,16.040885,145.1447416,19.8360612,148.3466313,29,4
229,8a040b193ae76becad76308bb5a03c97,14.4150673,118.830156,13.7537878,116.0552984,24,3
230,7e166f29adc7e24fc4f725d8e1a4a38d,63.5428505,191.535399,49.7513607,181.9034176,38,13
231,7998c2afa7d871ba8e084f4604d522a3,27.9000066,146.9380134,24.062191,136.7337423,29,6
232,063901ddbc180c8c5d6c39a3aa9c1fdf,66.3126556,37.6644161,48.4742531,42.8093573,8,13
233,04082c1462c0bd8df0b713c31a610a7d,82.0495496,195.3220722,72.853862,194.3810668,39,17
234,49427cea729e5ed54777b7bcfcdaaa37,189.429473,39.3120707,182.6755546,44.2865024,8,38
235,73cbbc38e841eac8f033a70ea9ca5448,95.6633977,193.5774137,93.2936541,200.6691679,38,19
236,fc5b1044317fe902457e7ca1e3e3df1a,194.093318,68.5266387,193.9174823,62.483096,14,39
237,7faf4aa0c1be15ac5c7e737550a65e33,194.6053966,133.5854611,203.4067774,133.9827842,27,39
238,1a3401bd7d061765673715cd445c8e84,39.1029186,179.9174453,44.2627324,179.1275028,36,8
239,3115f3802b1a570ecf84616bf154f5dd,214.120892,94.0727864,207.8229742,104.4623372,19,42
240,d169264faf5c3b7a539cb2a47c12aedc,187.2886843,164.5814083,187.5312596,159.8889144,33,37
241,9b857b669633497acc1b34e2c9cc4f52,168.3022933,41.9067024,161.0542054,35.8820662,9,33
242,3010256c6bb2ec8cb72ddc330b45ec80,166.9241972,182.1154741,162.4636519,191.5326023,36,33
243,dda46e8bd0be421584c9136b51b4c8d3,175.882766,195.3953677,158.2772228,195.2602473,39,35
244,9ef1b7bddf7f64c37ef7f6be734fffef,82.7687536,214.8530771,90.2297206,207.0007013,43,17
245,c36af202112d21d1ca847b873cb89a21,214.6515472,66.4723717,194.798194,64.0732508,14,43
246,d47399583d2ba4dbf818d267501f2d4f,93.6809076,14.8351609,93.8636713,19.2276535,3,19
247,74251f0717c9374077276e4413bde0da,197.7072003,119.5289914,199.744301,116.7794125,24,39
248,91675fcd15d173a00a1f94464608bef2,193.6901022,132.5483266,203.700771,132.8071373,26,38
249,ec1852f438c7028dd7909c071ab4bad5,192.9323608,107.6678465,206.3432472,105.7598682,22,38
250,439dfc693400e10d2f1a63862ab01749,191.2158517,156.0296717,197.9210228,155.496085,31,38
251,2952f6631d7b03be5d45c35cc81eb846,123.7397563,195.9469795,134.1383187,206.5263776,39,25
252,e6153cb9d5bd61a826696b2cac35a4ed,122.7170064,7.4863738,111.1921192,15.1391606,2,25
253,fb6fe9c8a224d510d0aee3ec1eb8e322,24.6690014,79.645026,23.0417083,84.7362808,16,5
254,5e45d79c538e629c4fe03002403a40a1,142.3079155,194.7974041,153.1363364,192.0929746,39,28
255,41cbd026ae577a32e895a548ca910f2a,17.0892206,88.3688316,13.3792839,97.1766925,18,4
256,5a330d15e2697c1a9f0d97d3bb731dbc,212.5051534,95.0351029,204.1890139,104.6680521,19,42
257,d7b3c4523f057ebae8753234eba7b248,196.2952399,71.2729504,194.8411843,73.9171308,14,39
258,75b105031107927761fc9046036a2556,188.3606102,59.1432315,184.2457185,55.3413019,12,37
259,0d0a19661f90b973c89f103eb049bea2,135.8192298,16.720818,122.925875,17.0864824,4,27
260,58a361e6caf10c3e63e754df7ba5d6ea,187.1751146,76.0834505,201.0105971,68.5624419,15,37
261,eb12bd5cfec62524eb78458fa852ea9e,181.3288886,150.3267241,187.3492519,161.1575335,30,36
262,095f66e9f22e82d68667572f3c0b327e,109.1573011,9.018088,99.7742173,14.6300185,2,22
263,6bd8b3793392d986a9981e06f6d0d321,16.7496653,118.9903961,22.2925814,130.1843685,24,4
264,ee2a18c4dd1c7cc29fc4ea5e9443fa09,50.2383672,182.2024041,65.3427883,190.035826,36,10
265,9fd86340176327a3ee45be5e4a050212,176.546994,197.8568382,163.2942627,192.8234361,39,35
266,6ac6c68d3f5b0a6174ccba967c6f682d,201.4596593,88.8112974,202.7399047,73.9540561,18,40
267,24a60d45b9106ffe9488fcadd79a5ae8,191.8383663,52.7663932,200.2133959,66.8543954,11,38
268,13c37f9d0234ff66ff29945ffaa01588,172.8810653,44.0919866,170.0108747,36.5241883,9,34
269,ffd8e0ea9f9436012a4325601765e44f,16.4082938,68.9155873,17.0618542,84.2609043,14,4
270,5be761d0b16be18aaa117692005fba01,107.8864179,186.7448463,98.2427005,203.0686086,37,22
271,255472ead8bfdc36c97f05cbb5e3f6cd,20.9169996,146.8659454,18.9328795,144.7387328,29,5
272,f9c6fc28a014a964372ae85960ac3ebb,200.4204601,87.6847157,199.6176839,75.8141735,18,40
273,0c06098910e2fd9b43b3260aea69875f,147.4392424,193.8863444,163.2942627,192.8234361,39,29
274,29b9ebc7c4fbc15f9297a35ec7a004a2,118.6862187,198.9193237,118.4263908,205.5457793,39,24
275,5b619d1bf360f0509def18631947db32,205.0009915,122.1935931,209.950656,106.8589241,24,41
276,9b4dfa48ba608a969c60d5d5e22d0f74,195.9915401,148.1176561,198.265538,147.5392434,30,39
277,779990115d8c8ab3b274962f34f4a1f0,10.9909031,88.2688655,20.5557513,90.0068417,18,3
278,d780e749a8c4c68784468f35a520510f,120.7937249,2.5963459,114.7400395,15.779344,1,24
279,371092400fcdb3943594a101a2c5ce07,41.0730694,64.2009061,39.6280531,47.1685661,13,9
280,b31aa1952cfb6f8adfdc3e4c8780ce01,176.1349815,59.1523447,192.7269037,57.4999105,12,35
281,cc13e9fb22f5ec8b7e57f26c90e5674c,169.6056242,180.7158929,161.6425202,187.0262949,36,34
282,85f91f03b91f0d37a011b7e12843de62,33.43903,194.9937865,40.4412018,180.4384383,39,7
283,1cd8f92d55484417d7370d7ae9cdf908,164.237958,30.8206674,167.7211972,40.2270583,7,33
284,f05d2c92d6b895c2333c9205caef99ac,184.5364233,167.656158,187.9859923,160.1815205,33,37
285,ae16c672d901b947c672f669b9050a72,58.8778304,171.6591919,44.6296562,182.2960452,34,12
286,53e81f968cd8146ab0ec3eb8196e7034,73.7654456,33.2181689,71.1689559,28.8079437,7,15
287,58b085a75d7fb4cb53613fa5690c4ff3,200.6132334,105.2388738,207.2756127,103.8799372,21,40
288,18271e64c9e26a33bbad497b220562cb,201.1916044,150.5745868,199.4599372,141.5740343,30,40
289,f96df3e54bfabb5c9d617a75f1cfdb22,75.080957,204.938394,69.3832443,196.3149996,41,15
290,42d0665ccffe5621478219d20ce04c09,188.9657807,170.8544803,184.1741773,177.0685577,34,38
291,e38054439f51660e8e4fdc14a9e3fc8b,145.3310814,199.7801797,150.4541945,200.3518575,40,29
292,d42f51af027eec9e4965d18376e8b2a7,37.8396839,50.2090232,32.2023429,58.5458986,10,8
293,947371b4a68d8667c1d7ac6586647643,103.088087,14.2031767,108.1532376,12.0378161,3,21
294,a1ca0be779db1c266d9c3df74150a087,182.6471802,34.6775167,175.2555695,36.9129926,7,36
295,d6f65d2c26d9e600fa783767c7f5603a,27.9110212,59.6974083,30.1696414,60.7342528,12,6
296,ba87ae4f60accb3c70c917670c1b65f0,174.2901132,41.4429874,169.2162846,36.5600133,9,35
297,5003a74b8174215b3cf21a38455806f5,161.6576397,31.6107062,167.5288635,38.6527515,7,32
298,9779c9746959719711fde1dc4dc7027f,204.4134521,77.8837598,202.7515244,85.5632505,16,41
299,4650b55cd3eb97b15a3ee83e47f2cdf9,184.3146219,44.5076737,183.7956898,58.4811087,9,37
300,cd79f38f5a763771a9d16f2d7e8f6f29,111.5984208,23.1301289,101.9229415,11.3351069,5,22
301,14180885c32931ae7349654a8bc08efe,41.79026,183.7860839,34.5252796,170.8569354,37,9
302,4d6726f4522d8a7a91155a9fac7ff711,33.2992228,154.5536323,25.3554879,149.1829882,31,7
303,7e6c3f4cf0411e9d9804ce8656a464d0,79.1964919,18.9788236,81.5727719,20.6026136,4,16
304,bed117c9c45e5b86fa29d3268ec1d2f6,164.9703945,30.3647638,170.6102336,41.2511849,6,33
305,76bb2fc091b3eba601dabd853e5c6520,9.7761791,88.8477081,15.5639066,93.2123779,18,2
306,af072cee95686a364d267307d66a7dee,30.5740953,71.7736383,27.1353768,61.6941595,15,6
307,ee50ca5bf1ed20fa3ed297af61989ed2,189.56999,55.9444029,192.6214251,58.2921659,11,38
308,c1efad2ff5d5c7b364813332f5d3edf8,193.2025439,74.3389235,203.8733858,75.5357077,15,38
309,c89e68459b47f3ab653f5f8c3484aa92,132.9547101,201.9549004,113.5756047,204.8009233,40,27
310,604bacf035b15cda152a63641a096616,198.4992016,156.3437256,199.9212217,148.9123874,31,39
311,fc243d7090f2cf9f3f7d482466ba65b3,47.2991174,36.7105819,59.8811945,35.2463691,8,10
312,2758427b0f86f750756bad54c0508dfd,140.30918,21.0966685,130.8626499,21.8821821,5,28
313,4a54b7169665db03431320aa60cae674,36.647304,172.3205996,41.6064944,173.421829,34,8
314,4bbc4c24f21ad9a4c200fd821175c0d4,202.5372607,76.6389944,202.2744527,83.8193701,16,40
315,9963b614ace455711e03f7b0f952b11b,21.004842,119.7494044,14.8338322,116.5879066,24,5
316,fda1f01068d32c3960a4e07b3fb4733e,187.9790161,149.6569463,196.8205499,137.607827,30,37
317,b016280baf92eeb1efad95ead7f49477,91.8543076,202.4485421,93.7182922,205.0521225,40,19
318,c1968e3cc68f3a76e2eccfd9cd0b19d8,200.2704929,120.1189407,206.5233137,119.1241395,24,40
319,37f56b661901f77a2edc64a447b2b936,114.5412151,201.3461229,114.7400395,204.220656,40,23
320,0db0636774ad29384fceb78c8ea15b84,82.2522476,186.2584332,77.7255317,194.6070842,37,17
321,5941b89100f242372d249d524dbd0868,109.844864,210.3459774,113.5756047,204.8009233,42,22
322,5a3d6dd4e37440026861665dca8902b1,196.5433611,82.6546193,204.9479459,93.1213874,17,39
323,50c8864d7f544dce44dcb4b5236397fe,9.8427444,139.5501993,14.7660461,121.4233983,28,2
324,f8dc1f86293b2f94a172c05dba09bdc2,194.7172574,59.2746421,195.1150956,62.5087323,12,39
325,0ce9b2971bc6a2201576956037d205a3,200.5289626,169.6875084,188.119415,160.9642718,34,40
326,4211d30b2a6fe637e8844a90ac1c5ab0,170.4088385,184.2366918,159.8084693,184.2907557,37,34
327,22141a5def61926304429bc9fc1b49b3,147.1956293,23.195711,139.3799867,21.474205,5,29
328,caa23dce1d3c66c3ccc98364472de4d2,39.5530749,67.5854822,28.034861,57.2580244,14,8
329,569f851a0db7221c620323c4822e74b3,33.9607845,160.6349219,31.4627957,168.5824849,32,7
330,420d2c953c7e3d3f919f6e736739bd85,219.4424844,128.8524226,205.6627515,125.7682582,26,44
331,5a9f37d9d53cef51567740cb72329532,198.8019992,114.0652691,199.4409536,110.5619815,23,39
332,15b9e31ee6a8256007be375d911624a3,93.4567526,194.3220916,81.8201613,200.5864046,39,19
333,a2b9c0f2d378da99d14b482940e80bae,37.0378172,177.4781511,32.9361639,172.1382745,35,8
334,a3e6c156153534af0d664c1975a0442d,13.640414,135.7624974,27.8116848,149.3075165,27,3
335,2c1920281231fca148c3dbcd7b5f1f90,93.1514327,183.6950485,102.656845,199.6999335,37,19
336,6fb2bb6f6aab558843b300983a127d62,198.287581,105.8073218,199.4268298,111.6858557,21,39
337,9a251cf1bf05d5e982da2a4fb5f98f9d,138.660985,37.2475311,131.612444,18.7152682,8,28
338,e585389666e30e9ed4877290f2dfe42b,28.5150137,62.5362093,27.4311201,66.6135958,13,6
339,41c00725198805f7a36285af459b783f,187.0862104,100.4667873,199.9093438,99.2152935,20,37
340,9e354cf3842286bb38721df11a78e30a,197.0108398,105.2189495,202.4630203,122.2715065,21,39
341,c2ae010280e30b4a39bd5b0ab1e85128,120.4839823,217.4083017,118.7272459,202.3246185,43,24
342,dc38cf7eaaaf465565cb465e3da2331f,77.9032844,24.6493767,76.1878003,21.3617737,5,16
343,b80717f1ee361cbe6e5b0c610b440dd6,15.9001936,79.3617498,22.8148269,64.1879318,16,4
344,d2e7e3676aa19f9fa7d681f2e1cacb4d,142.5191437,195.9410257,140.2124456,201.0341042,39,28
345,08956684b5f435bb338c0753292497c2,21.6711088,68.1874546,17.9768153,70.8626333,14,5
346,0a4b65cf6767e37ffce40ab0a149eec9,196.1894018,73.7681194,189.0600513,62.5710185,15,39
347,854e22123120d722de5ce1f3ad935d92,179.6834172,155.5360184,182.6895759,162.1174209,31,36
348,1e2cb2fed9cb78080f11b98d18d2a4af,149.4545418,206.8911272,144.7011273,202.7137086,41,30
349,cded53070fe0327038bd2685ea1d2888,9.7693344,73.1136159,15.4123031,84.4428562,15,2
350,e82f3f47cf0bf97cd7611c2ccc659789,37.3803322,160.6101202,31.4063838,157.1491621,32,8
351,1ae812dbcca390660f1d4f5718f10089,70.8428333,25.3551825,82.8108952,18.562849,5,14
352,ad93fc1cc004f8aa68dda9247540fa0d,180.929016,35.924969,179.1275028,44.2627324,8,36
353,974ec320b3ab4525b338716347b22426,189.8685249,155.8876682,187.0738441,159.594582,31,38
354,9e0c3c7d983971f5d2a0b152f68f7fcf,85.2303062,26.7603334,78.6015354,24.4772754,6,17
355,ffe13393df0691d122422202746c2799,8.6023552,50.1384598,24.7397527,61.7227772,10,2
356,ce4f3b28d8913df758fba5ce68ebc030,102.8354206,193.3336356,118.6251694,201.2447612,38,21
357,89885b72d5ac0c6627c0b30995a803f0,87.7414236,6.9215738,100.8566126,19.3556485,2,18
358,ea5e33b043fa727b92b6a9daf74d1f49,122.3300209,25.8530443,121.0446163,17.9238551,6,24
359,379c2272090a9fbdcd3ea70eea69f290,169.9459277,191.5042751,155.6364394,195.5413081,38,34
360,e424e760af280897a2466030e670a7bf,21.4026716,98.0369979,14.2498691,98.5146858,20,5
361,f44db8243da82ba771e054c28301ccf8,30.103187,56.1615096,34.5399183,55.1750415,12,6
362,305c5b584f0604781b9b55d8a2d3f08d,203.4445952,69.6710686,197.6478239,76.5656021,14,40
363,eab8d5a2740c8cb46b638e3e1dea55a6,136.9898366,202.8169385,138.9077223,200.9084352,40,27
364,e3c8629320932816fd83f49d165dc531,187.1869698,62.0102051,189.3564938,63.0687004,13,37
365,f46b91e5085742d8578e00e8f21d51c6,128.1082138,202.1428235,127.474851,204.840021,40,26
366,6c53097391aded37fa5d40ba9a3ec349,51.0473659,173.418911,50.344388,180.2937263,34,11
367,3d2f22efa40d52b28a7838e034936931,49.6322525,191.8842713,42.2332939,182.1642124,38,10
368,29b15213fc6700272e35a744f9c9708b,195.3566191,143.6572079,196.7707607,131.6987349,29,39
369,82630288e50767ca52e9179d12094821,2.5431747,125.3062073,12.2137506,116.1521893,25,1
370,925749b2bbeb5f3ecb5ce9e6eb03cb5d,14.7768278,142.8980231,19.2872196,133.8996125,29,3
371,3e733af4e67865493a8b63fbdc8f5de9,45.4890894,59.0296804,45.9687576,45.9687576,12,9
372,e2db2eca89a0c89c6289d67826dd1fe5,192.5796526,53.400183,189.2116289,53.2063573,11,38
373,88e15ebb90f8115d3d668ae4b54d5c0e,179.7849411,54.419344,185.4600817,55.1750415,11,36
374,fad91c70910c48df3510f271a7680b42,199.9145024,142.2320088,200.3434229,133.1962484,28,40
375,98ddc79e88aa04e9ab5b64e88bdffc31,202.8300742,121.3412466,198.1869547,127.9738982,24,40
376,6cb50ae1a43386221256894e80904b6d,24.9265766,69.4761642,23.1554265,65.7504796,14,5
377,4d733a93faf05e0589b52ebbc9d71d76,20.0163042,109.905252,19.8657581,93.3922174,22,4
378,d0cc2628389b2e53c652b6eb6bb6b750,214.1683132,63.3096715,195.7977927,68.3018135,13,42
379,e554ac1c2d1fb564c57e5b3e7e785562,27.8440891,49.9567561,36.6052362,51.5773276,10,6
380,ef806ec6c983e1899ad9cdf269efd46a,189.2100417,60.1496243,189.5660115,57.3763379,12,38
381,35beb0ddf8888779b83a51e7da06c0df,193.5920392,51.6187639,189.277513,65.1104028,11,38
382,9a2d225e51ef2ca8dc28bdf1e85b4803,98.9690564,8.9389757,101.4825105,13.4212634,2,20
383,2c4912f461e4ca43f8c458fdfdf1ae97,196.8691029,95.6484768,200.2353303,97.4467071,19,39
384,ea4b7c26c88e375646837a9d58969098,199.4012575,66.8160577,193.3824391,73.2934768,14,40
385,0f7cd6deadfde89c17b7dfd99eab6eca,192.4942708,92.7519262,201.769514,96.6449894,19,38
386,4f99802eee14f60f27fec79b1a27b355,183.3655838,179.1249624,170.0961001,179.9175139,36,36
387,8cdc39e147dd41c83eeec79cac6de71f,51.7751318,195.0184319,47.721222,188.2390811,39,11
388,68b681b65fb678a478e3be99095e7789,117.9970998,14.4410083,110.5894111,16.1935365,3,24
389,055ce070dd6eff4955451ed93bbdc464,73.6922581,192.3174339,59.0357282,188.119415,38,15
390,f711534761ed5033bf122517ac94dce3,188.5230253,101.9083796,201.7862779,101.3236422,20,37
391,2e71983d2178270f4c35879bcd03e145,148.0367774,212.1293653,133.5208681,204.0572632,42,30
392,7ef06d2713a0ca36a6aebfbb6940d4ac,77.1524717,197.081648,80.3990299,195.5791013,39,16
393,e5f13dda633e8e844b356c82778303cb,125.5425938,24.6978881,127.3115907,22.2485964,5,25
394,be1e9cdfecb67d444296c2a621994f71,18.3650686,133.6927309,17.333991,143.3618161,27,4
395,67a7393ad5742340e2ad75d347498c21,37.6703937,160.9640724,29.3023067,149.8482408,32,8
396,2896b28b6e4fa994b0ac54ea7c143df4,207.1381283,104.4901849,208.4808018,111.2376114,21,41
397,7c694680487c3aac12b843b868b7ccca,190.6599409,144.0364987,188.2997507,159.6905328,29,38
398,5134b49a68bc23f389fe804fd46a2c86,211.8874924,104.3467098,203.0837658,94.6568405,21,42
399,11edb1884084fe25e255197c7629e69f,88.1944677,207.1448798,94.4349673,208.2737491,41,18
400,1d3d1745972fbb5ae903c5efddbd36f3,52.292741,183.8943784,47.0723486,185.1006703,37,11
401,e51672a26386f5c6f1c77de46cba4d77,187.7183608,149.1792167,195.4257285,143.2030858,30,37
402,f507050c2fd5223b680f6c4ea4b64506,15.1549158,80.1348854,15.2512626,83.117352,16,3
403,10c233bedf0fc7d6bb93cfce66749244,107.7553649,201.1018597,127.1486875,206.4672095,40,22
404,566305ede5188967418f8cbf3db56efd,168.5122603,33.355665,163.2145444,32.7457945,7,34
405,ae2c0db77a723458aee0794b8cab9d12,-2.669963,116.6299673,11.5133661,110.6188179,23,0
406,d62df560c559ffb7c4d8cf5f69178f8b,53.6442491,168.7793736,42.0461825,175.439122,34,11
407,8b7f069c7de390ca2433300025d84035,56.5083426,31.7471917,43.7263425,38.5311094,7,12
408,1514b8b1218ae1833b25585148a015da,48.9483254,65.8233112,32.3080901,56.4839544,13,10
409,86d9951f97439d6f4b3406e3cb1717e0,12.9906331,128.2716675,15.8971034,128.5646128,26,3
410,de1edd2d5dec5356fe9a2726b8d2850d,152.4543727,23.1914063,139.5552642,14.9921774,5,30
411,8bc6534adeaa7cd174cdf2492df729af,31.2078365,38.5881512,37.8357876,42.2332939,8,7
412,5e006f39061e9d3597d63ad75051fbb2,85.0721655,29.5816267,100.9118602,19.9033535,6,17
413,d552786d419592c58e697eff8dcae7b4,41.5806284,179.534201,44.8079759,175.1920241,36,9
414,a5940953732e33bee32af0c7fb5460b8,29.9771435,66.3239862,25.6648493,60.1243309,13,6
415,6e7bda01a954de628e0b5bac3d2dea98,21.8248393,74.8122929,25.1502783,68.762581,15,5
416,ff5b4b4e06294f6c4d5a842540339242,35.1978548,113.1536212,18.0246715,103.6329802,23,7
417,e62ab1dab50ef5b27543a37c29e48d83,41.5138077,149.0252116,24.7329626,152.7730327,30,9
418,898b879a61027e728bcd357db108ae38,139.5211764,15.1033075,132.314659,13.0358004,3,28
419,868572fdc28038daac6418c31cdd6b06,188.4095671,179.2868552,189.6274408,167.0917741,36,37
420,ac4e49c55435c790a1688f68ef0a89cc,194.504115,146.7706528,198.6945689,135.164925,29,39
421,57761550afea60d7460e1756b29bd238,192.6635491,100.0998224,199.0968986,102.1423501,20,38
422,54ceccc628805ca12e8faa100e51d4d5,210.0466695,135.7537601,195.7633992,139.0626799,27,42
423,6c2a21581f02bd8691eb24df3e8e0746,72.1457084,12.9411775,76.9839115,18.2942864,3,15
424,5b5fd5c248abb587e26082a2a0cb1d58,23.7353006,103.2715058,16.0365788,96.9280653,21,5
425,c5cfdfddf3186adce1587d988fa91555,197.6295989,93.9382934,206.7986217,104.5203248,19,39
426,4c4fd4ec89a4413acbd50a682d4ee895,171.6732454,53.1171733,178.7854486,46.2147191,11,34
427,e6b51e32803d15712f38f8a435031524,90.2024601,30.9314545,78.5867376,22.746307,7,18
428,f7770a9bd46e8425ccaa17bbe831dbe1,157.4417053,212.2981609,149.1962423,197.5423017,42,31
429,6e35021857b8a50273ad53d8b9ed4751,159.7965567,39.4908402,163.2262184,36.7403953,8,32
430,aec9f9180bc1a6ec1f23871597fce468,104.2216419,198.9069436,93.1956688,201.2009564,39,21
431,42de8ff486b0d36389d78ccec27a683e,167.796886,165.624992,176.3932181,174.7451974,33,33
432,36286193262b909beece074669ac63a1,101.3595276,23.8097528,111.178799,16.1990915,5,20
433,a3b4632db8c45c2e5b5a96ba9d585cbc,41.7757763,157.7776497,34.4810145,157.9258055,31,9
434,61f9da3bb69c076138050d0feab38d61,149.0158893,27.350475,138.4912276,18.4126103,6,30
435,a4f8b4b5e441ea395e0c96d9bb4249c9,188.3656225,135.5255811,199.0365773,153.2722532,27,37
436,3828495a2ee2e3fdacfdaa3fbb8a21bb,19.0753182,92.5173945,16.7745627,89.7758107,19,4
437,8ce8e202be8b8cac2cd41cfc65acdfd8,12.9254785,115.0274014,18.3241238,129.8880298,23,3
438,803287715d98c20f1d230573f96c3526,83.6640887,209.1123894,89.8296661,205.8809555,41,17
439,88cb8d7cfce7dc68761cb437574ebcc5,47.5675213,175.4579229,59.0357282,188.119415,35,10
440,d1d3d076be450a26ff9d20762c843634,68.6340923,195.3946745,77.395217,193.8864001,39,14
441,fffcf5122a141427bf560c61075e644d,200.4405894,167.7354603,194.646862,159.3447947,33,40
442,63809dd64c15906340377664d0cd435a,188.0470682,85.6214605,199.2361595,82.8539535,17,37
443,5ce7061d9d9bd97aecaea0ea1b2534a0,146.2661956,205.7339096,151.6089166,191.6620968,41,29
444,5d244435d60c9667a8090409a584e6d8,27.7906155,67.2058936,26.9897604,62.9968073,14,6
445,e4f218f1f5b0d566e12530eddc36b6b0,43.206123,183.5206847,45.3553947,177.9784892,36,9
446,5933d970a87a4e920f807a88b2ef23d5,46.1642631,32.6134608,62.6423863,32.171622,7,10
447,b301c9f41f0b7b0a171d58b6fe9de61a,39.539198,40.6152513,45.6732387,43.201289,8,8
448,2b32f4eac86b14f5594eb9eccb205b3c,196.6160921,159.1200053,195.8263599,155.0980702,32,39
449,e6f8b5cfb2def4f20eb28f4efb83e9e3,192.8863682,147.3267744,193.4074118,150.5364486,29,38
450,e646076ea43debf15551c528603e72fa,22.1156495,51.8660406,25.7856186,63.0112995,11,5
451,fbd983d8e3c0d9a4e38b6429e2d4215b,98.1282466,17.5468799,94.4854033,15.8761598,4,20
452,214e4a855a42418de42188bc0171bf82,100.0739926,4.6840301,100.0559735,17.2577964,1,20
453,a01f9dcd9bdf1453e674d64b492d55b1,117.5492631,17.8136365,118.3342963,15.4984682,4,24
454,41fce44082cff42bb0a227aad87fb9e3,0.3544698,123.9804365,13.7558982,128.3595443,25,1
455,1f17c8aebac2dbb7478be52bde7de7fa,99.433125,7.9005496,93.5813817,17.6396786,2,20
456,1539064c035659a72ee4386e420ced03,25.9283223,134.0428715,19.08249,135.1794833,27,6
457,86d070427fa0afb4d2c3c99a03475e3c,21.7128065,80.6905831,16.0923784,85.8886209,16,5
458,cb2b184b455c406bc7586516a39e8fa1,10.9603353,94.0783239,22.434291,86.9295296,19,3
459,24d2b7347045be83581f7163bf242627,26.3746844,111.3866996,16.7280506,109.4139473,22,6
460,bbd9bf20dd219495659614788d91734d,172.5789637,50.1257281,183.8106014,51.2463183,10,34
461,febe8963e95e3591d84b206a896a6bae,169.6126568,29.3890206,172.9399364,32.9379185,6,34
462,4806eeedae224ea50ce59c2703efabe2,9.9480037,143.654226,15.3710714,140.7468027,29,2
463,057be10dda92db0d91b9bb513ace9da5,76.3037936,41.0580333,76.9951433,25.0842804,9,15
464,7e5aadb26c179696e9ff4efe4134a175,196.3568696,64.4726025,193.5813596,59.8586366,13,39
465,7aac7dadcfbe79cdd89625ef29c1e894,120.1646717,210.3678527,118.1469848,202.3776306,42,24
466,be85677b82396d9c2bb089e19161f568,104.5989,23.6432297,97.1766925,13.3792839,5,21
467,0f0a63d5aaf488d29cf218e6de76a161,23.7789889,72.408093,24.2788435,76.0605932,15,5
468,73073089de7f89f749c9813b4662f415,94.4112529,22.8764631,95.0055943,19.0320507,5,19
469,ea0750fc5d0876b1a31b6a5f25b251a4,140.3440517,26.1750147,138.152788,23.3546278,6,28
470,a0510db5950fcc1970bfb9a615a010c9,52.6942612,184.4954742,66.1177351,193.5125549,37,11
471,714ff609cc98a4328b9ad53898542f59,112.8682748,207.7427918,107.7382914,199.971577,41,23
472,85463178be99215616879590c568328c,185.0841462,177.493217,176.8110783,172.7397786,35,37
473,fdc1bc362837e880a61ffc30c95a7f43,52.6081024,194.3295471,66.6920665,194.9966052,39,11
474,64aef6ee5a9d4fff5e9da2cc895e4463,51.3881965,30.6949223,62.6423863,32.171622,7,11
475,159dde7e7beddaa4132b4758f05fdbed,218.6608589,88.6761254,204.2516463,85.1680213,18,43
476,1622f00eaad26e04d9c62af5d28c2f85,208.6289907,79.9773219,203.1783317,95.2420021,16,41
477,451639214e043011187a5936c88bd8cc,143.9313673,187.1083812,143.4001385,195.9327106,37,29
478,e296bf67901745aa2971f232796f5cb6,186.8144453,65.2768478,200.3883481,70.885469,13,37
479,581d632017ef50675783697f726f166b,94.1552141,188.3744658,82.017321,196.1218304,37,19
480,b98dbba45d5a559144d56d18dd625866,86.9932081,205.6228491,100.1666004,207.4848924,41,18
481,f5877a63294b5e043e021582566ac9b9,211.3133928,151.336356,200.8470545,145.310235,30,42
482,804a9ab919b5a6e98e01e266a9bd6075,184.3955771,164.2712301,186.9802253,168.9410292,33,37
483,27ad3eccb7a8f715d6bf07a8875a6c7f,112.4766729,23.2179382,116.6599077,13.7937339,5,23
484,f367270d373ac3bee942eb5a33c1dd32,23.0128287,145.6718187,25.0842804,143.0048567,29,5
485,fcafa845a1f927eca75974bfbd6b5871,15.8377403,150.9337133,19.1469273,149.3156353,30,4
486,2cfd825eca27845abc8fbd2832841a88,63.3657927,27.6579484,53.1613381,36.7240386,6,13
487,b8309143f3569fd25ca709c78a933966,106.321271,204.4328057,108.8690564,199.992894,41,21
488,05183d248a7e1e39a178c1431c647c79,54.4471957,36.766524,50.7462841,32.6113887,8,11
489,ee4e143dfde0bda11a2816f6b8ba30e0,72.5236381,185.1218404,72.5331429,196.5807982,37,15
490,2c691f346ab8e68c68fdce722b1ff5db,7.2583467,88.733264,15.654599,87.6629163,18,2
491,4188fb6989bfe98498df308ed7c749ff,91.8735796,193.5404939,74.8761,200.3676472,38,19
492,1169f273c389ae136e923f4fc2ba3ccd,72.5228458,16.2365899,75.2711992,22.2850618,4,15
493,5b40952069c66371f56ce81f4da47d21,89.0095157,216.7792974,99.500019,207.927271,43,18
494,2f1c2e905c3c8f3cf994e49cee3ac158,151.0165457,17.5949633,146.4424715,17.9568239,4,30
495,c27fc58b91b178167ca2ab337c9d3e29,20.7262712,123.0331619,14.6060799,110.0,25,5
496,327dab104f70d07343d0bb1d594773aa,193.2844148,56.343947,190.8620484,52.0230293,12,38
497,a81c4b7beda3ff233aed78d99eafc7a0,84.3448999,212.7793603,84.2497659,200.757509,42,17
498,b09f163af6b4a56386c7844a00933f77,200.1868227,142.9089904,202.9321354,137.6336428,29,40
499,67bcc0393e84b0b64b7e0a8ba9b0c1b1,89.4373235,190.1091233,74.7207591,197.4950008,38,18
500,802d3c5dc3d786f69c95182792e3be60,200.4690586,130.1375828,200.9679493,124.9944057,26,40
501,15d2273dd101f1a0ca2f065b51b514f1,27.3414271,126.0285918,22.8846892,134.716849,25,6
502,64f2a38291109c0ca916a366974696bd,93.831901,220.7984011,92.5854255,207.9629144,44,19
503,1f3473f4f6db797698b20766f8fba132,66.6925543,29.6633722,75.4411326,21.0860827,6,14
504,c683b639dd630528ca3df4066cd5263c,195.9009589,92.6457461,198.2044929,83.1677912,19,39
505,ba55f491cdaa6ddc76834c144c1161dc,29.5422173,72.127473,27.333781,69.1797081,15,6
506,55d759754d58a7f00c6bcd03ce31faf9,54.803862,6.4132589,64.503915,22.0789772,2,11
507,09af2e544d937e61b103a6a5ba8ebf9c,190.3572312,36.3909691,173.7746067,37.6619081,8,38
508,1da841df55d18f6a8a4b0264586b13fd,198.0496979,112.0786035,202.7288629,108.8346734,22,39
509,b32b2771debc4fbe7322c286b5728f97,23.8313443,187.428544,28.3660749,167.7572703,37,5
510,6414cae2028eb9e66f0cd2fecfeb126a,16.7988219,101.7086163,11.1632891,115.5950495,20,4
511,4bc159cf7a73241e9f0f2dafbea5e6f3,90.3423105,4.8521117,86.3543519,15.4437558,1,18
512,a4b8092d5533df7e37beda1bd5dd54e3,15.6632769,151.8521825,19.7866041,153.1456046,30,4
513,6285effa3037f2472d96820fd3933b7c,29.732274,125.6383026,25.5139528,141.0178631,25,6
514,b4507706bf73a2cc5a21cd5829fc3659,207.270311,140.9000704,203.7382543,138.5156042,28,41
515,eecd8bc4cebbaee67dbbf70e2550a599,29.7148054,58.9002246,41.2276245,48.5967398,12,6
516,eae29124f61eb4f58ce69e01f45933d0,70.4488653,185.3735032,79.4965849,196.4265102,37,14
517,7ccced705f45350c8e1567413db66b2d,40.8930919,52.3426105,42.0063329,46.1496966,11,9
518,ca3a4badc8a9b07e0712ef93c018bbaa,37.2277384,37.3441523,47.5454981,32.543979,8,8
519,70cfab09cfa114ac9c4aee4de6f68bdd,193.3464233,53.9109332,191.1653373,64.0414532,11,38
520,ceb1bebefae6105f61d408d0751f5052,17.4043709,111.8276158,17.9210023,114.6322973,22,4
521,04bd8ad47b107f34bd17e087422f43a8,15.2772963,138.2208917,23.5734898,140.5034151,28,3
522,574e66ab3bbdc73c7432870a1307b30e,132.4961877,22.3358171,141.5740343,20.5400628,5,26
523,ec12082f90410add0b9a58e21a318aef,163.7464506,23.5310176,153.90434,27.705353,5,33
524,c2363dfa7950bbc2d9fb7fb902ec91ba,150.9397833,195.0380083,147.3837551,199.4564411,39,30
525,0d954846201fe40dfdfb86e7453b913e,119.3698029,-0.5686859,119.3636589,10.9428352,0,24
526,4bbad941ac97dd3b2bf0f38c34298cb5,124.7296073,21.385394,124.0924094,17.2562455,5,25
527,c5ebfd3f406666b1299b7afd177879f4,186.3440675,75.4519265,198.7439456,72.2572904,15,37
528,c4c271a0b8ac691fcd841d7afcdfcd95,184.1274503,165.2213502,188.1271621,163.8158578,33,37
529,1902de60604f55aeca18b2886f4aeb7d,201.2067022,126.4327233,197.3113937,131.8339308,25,40
530,c9a30b780c6307df2833fa800929cc28,174.248229,172.4304581,176.9656745,178.6702151,34,35
531,b8e66f8b80af9c88fad7f6e5d512f5f9,156.2230942,182.8456922,174.6661974,184.285146,36,31
532,e0653076ae3d3d6669bf1c3e8650eb4d,183.5387171,151.8404449,184.8187282,162.9354127,30,36
533,c5ed83ba436795541e2203b82d37a3d5,125.2639067,200.513361,120.9418325,206.3341907,40,25
534,0a99a4de9dea22f5c6ef89af1d76d7c0,66.2458759,199.3354222,73.5575285,202.0431761,40,13
535,52b0f6ea679beaa61ccfeb261aea849d,23.1643048,127.1990615,17.2656456,109.4173252,25,5
536,427012e4d96be3a36106babcf6d0b039,217.7346883,127.4603662,206.5382382,123.4301363,25,43
537,9fcfa081f1433e07adbe916eb83ae969,72.2165785,33.8672229,73.2934768,26.6175609,7,15
538,9e816324adcb8e33ed0006960c97cd8a,202.6910947,106.368245,199.7667239,98.0863406,21,40
539,d810453167e90227812f453553283c28,206.8825242,100.4683464,206.62621,90.9375881,20,41
540,c0aeb456439819a9aa69031e85111488,26.1179932,91.5612479,21.149067,85.3928524,18,6
541,a42209992baf53f7bceed4a2b10f98c6,104.0148421,17.2637704,119.8844826,12.0086891,4,21
542,b430a033b3bbb3c7537e0d2dcbb8ef2f,118.5538364,10.7385874,123.7684027,19.3885709,3,24
543,d02730f4aed5db059bc4c74e36b1e24c,158.5803169,46.9009576,166.1424221,40.372215,10,32
544,c05f48d0f57f4ccc826df0463467d2da,9.0645477,89.3234069,12.0370856,92.5854255,18,2
545,0882412a6470b785b1c5b7ab0cc4771c,30.6718397,70.5718951,32.8550598,57.5723528,14,7
546,f09ea3139ad6d31e4546a349454dd99c,32.1452839,119.6458148,16.0788721,118.8781605,24,7
547,22f84a29c05b585a960dda7d8d0c5586,120.5982478,14.1473596,128.9461523,17.0427877,3,24
548,56ecf5e169882fdcfd3683108d1305b0,183.1136708,52.9507536,183.9012408,45.667997,11,36
549,89669dfbb61a76b97188d04b0b6a02d1,158.2529421,181.9414365,155.6791638,194.3410576,36,32
550,ac3a6451325406c5b936b386a9401ae5,185.5485988,160.0379421,186.3712713,162.6063582,32,37
551,781ffd0e5fbf5f67d966e8339f6ecab7,100.6027112,195.9485403,103.4848902,204.1145756,39,20
552,4dc2d94a0575ea84190fb8265efa8026,179.6509326,45.1252268,183.0100737,43.1454629,9,36
553,867f933acfef4b4156c1d0494ec92656,193.8313873,164.2513187,191.6245232,160.3729809,33,38
554,7216a014fd42c03f6c0cfab3494a719f,43.3146922,54.4945136,25.7951612,60.9128823,11,9
555,353eb3d61b6ae57615b23bcd44ce8930,144.1326757,34.4498822,145.8803431,19.3765981,7,29
556,bba03f0d056c2b3b5468b1ba68218a9b,77.4107759,190.696124,72.4766952,192.4136008,38,16
557,eb4a5af031fb27a6b75ab48197f77329,25.4355974,150.0984137,27.8577571,146.7784167,30,5
558,b00a545ebcf48b0076a08110715debf1,12.0072325,106.2217112,19.624836,104.3140766,21,3
559,65243677f0de756cc0fa0056e64fc1bb,49.3527294,57.9596639,35.6279548,57.3806225,12,10
560,4757a08309e502dbe8b8dc8338f3abcd,115.648877,17.1020523,109.4275783,18.8974625,4,23
561,d5d1259b4b859417fb345b7244dfadbd,189.9744189,159.543777,189.1798891,156.1578289,32,38
562,2ee2f8370f60a6b2413e471b60200300,168.1808308,207.3379944,166.3780261,190.7559173,41,33
563,3ac3a181241b82df6573fdad1a6dd3ee,193.7398868,139.6192797,197.7149382,144.7288008,28,38
564,c050e0ffe2363a72ea0721c0961f6a2e,140.9900553,17.7958398,143.9433914,17.5454372,4,28
565,f62f53ac711156a58d507b37e2d4e3ea,178.7280462,198.042032,166.0711394,187.1753026,39,36
566,6ab7fe019e20e15107b577cdc0a57463,17.3347436,94.8161112,20.7460858,94.7114813,19,4
567,728b38685e00e345c799c3abc9984f5a,42.2158704,175.8685538,34.675457,167.673332,35,9
568,94bd95ed7cd230dd8c0158a26535236d,131.9352651,12.2329042,137.4774373,15.4220404,3,26
569,2d72bb93d1e1e4fc43d6a10236e57bd8,162.5024834,23.1990804,156.5151078,21.4768689,5,32
570,78fd39a231fd7c7ed41c22fc0619ec07,21.0025082,104.0681661,18.3937106,112.8788436,21,5
571,4fda10b755112411ff8a2e2d82ca729c,113.5318602,18.9421204,125.5145967,15.8761598,4,23
572,1a91b40338fbc9f78d445d92635b3c72,129.5703909,198.7593554,117.3804895,207.7012199,39,26
573,111a7bb78a2df47d6251447a41a6e968,38.5855928,26.8232658,44.8732625,38.8768106,6,8
574,b5dd78704a6357b3c5b47302623ecefb,37.514514,60.3200948,28.1232004,54.3565845,12,8
575,3628f8b66c7331497dbd50f6fccd3cd9,35.5858729,39.317715,47.4783054,37.2604804,8,7
576,c83be25938e4f42b86ba7ae38d9a3e13,48.2372853,182.2632744,46.0120824,175.6166625,36,10
577,d460aa098a61d24116effbafb34c9727,152.0063963,197.2265369,147.4039031,201.1095387,39,30
578,2c8de57d8c227c43444048d5d7ec2bf9,93.3142517,14.5886105,101.3748306,18.7552388,3,19
579,784b82a961d5070f94db4bf12145917f,178.2277925,198.6875744,170.0108747,183.4758117,39,35
580,d2b45d6784d3ab2d9789242dc91d4764,27.6744659,60.6271138,27.0467837,76.5520718,12,6
581,c0ec1c2491ea89479dd83ceafaea25e5,21.0817747,94.5612777,19.2999885,101.4263246,19,5
582,96c98ca5c84768513064c9764d8ddc06,26.7621621,61.8303399,31.0095282,55.5894738,13,6
583,bdd6b4d68f8ad912cec455bb4008c52d,53.8865462,190.5766294,62.9296068,198.2291226,38,11
584,904ad5ef06b27ff4a65c7a4815171faf,178.9529081,62.9308774,185.3661563,55.9635079,13,36
585,fff840ba3cb9f8ef2f4885b6ad843c91,24.2214103,43.7841378,36.6183714,42.805234,9,5
586,cf38f4256b64f4649ad10c7063d5b6a2,122.2716064,216.6237675,136.1509474,204.4252506,43,24
587,db5b576e59c879a8d70273c779c4bbc9,49.0295639,27.7643384,42.4667192,36.2486883,6,10
588,46de5c2192012b7b5620ede0214dacbb,197.9192731,109.5385913,199.9753309,99.7804197,22,39
589,4602d91e36e077efb101f2da8fd817c7,103.3568269,181.8210759,106.6078836,199.9360525,36,21
590,9c47f73666c8a9c393c036bd3b6a20cf,146.4965394,191.5875045,133.9827842,203.4067774,38,29
591,329d9a4642481d48de20f58fbaef1431,43.4245357,50.3409801,35.9600379,56.9143709,10,9
592,a4f3835190d67c98f7f1f2cb305f6b39,147.4917717,187.3325634,150.6167557,196.3149996,37,29
593,bab9d1d1ab0f392a097f6cf2e15be8c3,190.8491923,115.9981901,203.207517,113.5155062,23,38
594,1635dcd307ee4be8167b61dfa5e58024,19.0437028,101.0325205,20.0159883,108.3036404,20,4
595,6a61343c7e28fac243a2572529605e23,166.0649692,39.4123965,162.7280947,32.4129648,8,33
596,cf78b5dc761dbebf1247250701432ac0,87.2963724,13.2906628,85.9649778,18.7732621,3,18
597,1d05e84167559373d522a0952b8ea720,204.4016542,43.2341013,191.3814454,55.4375556,9,41
598,618f3e50fd1de28f698b592f4ea16a9b,49.4399894,63.2431908,31.2395124,62.075209,13,10
599,02f2f0f2293a928d26b37b4af4e8c0de,160.5837806,181.9820709,172.4019094,175.6201319,36,32
600,defb0c27c34c4719b5cc4afbccf06b63,14.4250939,145.5046389,20.3068943,148.1463864,29,3
601,33d85710cf9607af3c6a7641de868f71,175.5753099,167.1851313,176.2878656,177.1261415,33,35
602,22d65727b74b1c4108b99bed0c45bb22,204.8586781,48.0038287,195.7031606,61.4719848,10,41
603,bb8fcb3e3e7e5efdf3b2d4f132fe6061,199.3399,51.7541911,188.2997507,60.3094672,11,40
604,c10793b9e1fe1fe42612bbeff076e45a,62.0320337,29.0346068,72.7442255,23.9069848,6,13
605,68774d4640d58a40273f4c97f59fc7db,191.3472726,157.8714903,193.2351878,154.4061201,31,38
606,1c0c246152904db693cc20fd15f464a4,12.9716965,118.8571152,17.8700628,106.5251369,24,3
607,13dc0392b3aa23a268e8fdac61e3ed24,177.0877169,28.68191,170.5899941,37.6891944,6,35
608,05362861d319e45938bf305d9ae26f3f,170.2470305,45.929668,173.5331539,43.1902825,10,34
609,8e5b08e1f2df02a68c1d93a42ada50d3,15.8929465,144.1408945,22.7057019,149.7455095,29,4
610,db6bec22033034fc3ae0358982f671de,94.3463773,214.6576228,88.4887043,203.4733339,43,19
611,94efbab10d309f43af3aaad1e74f8ad0,42.0598813,26.938512,57.5363481,28.4673977,6,9
612,d4125264f5a5aa15a88dd2e8bdbf0237,28.7947374,62.4438764,26.0841656,57.4820722,13,6
613,578e3c52e53fc10b702ed29df7ed6643,37.0998338,59.4653359,29.6194438,67.1168309,12,8
614,04e888f7b9480e582f517eab19d1e81e,162.5711054,26.2838945,158.4853339,30.3183058,6,32
615,85563d6176c5bef8065c9bf819e57ae2,161.0281281,197.5025828,149.8301849,198.958172,39,32
616,44efec12b2ee1a45395a6b7c7a2e5f96,115.8277405,12.8439054,110.5993737,14.6079629,3,23
617,a9590074289b2feb873d30727531e943,157.9506777,42.2824536,168.4208737,39.3812948,9,31
618,50a3c9dfe7353003f1cf5876744481a6,180.9871485,185.5338793,171.1395613,183.905034,37,36
619,6024b8fe840158f98192fc1d2db5cdc4,2.0049337,109.6700754,14.7265665,105.2069975,22,1
620,092d609769218e1103b9de2d3e5e7387,84.1113671,192.9262626,67.699612,194.3248313,38,17
621,c2abed1854e738739fcc9bacc4085d3f,188.7946269,77.5851417,196.284762,80.7606456,16,38
622,81d2c2cc639546e90ee6f765b6e928e6,51.9868961,192.9954604,52.3401316,187.3003206,38,11
623,dc0a6be23bbc6bc3a6a38e3183e2dbc5,161.4935829,194.3073778,151.1105882,190.6840724,39,32
624,a5333913801358368235ec179c8436d9,155.2476338,192.552183,144.3363724,196.7237772,38,31
625,83501d1a2e62e2e5a6f861a064115823,81.1223845,26.6109115,76.0605932,24.2788435,6,16
626,830d99a70264e2b51deed010b0c21e99,192.2642513,148.7271771,199.5375512,139.7157688,30,38
627,90310cd0617d0559eb3d1bcd223dc9ab,144.51898,27.6466056,143.5377429,25.2933308,6,29
628,c43de05d7f3a2c36466901bcb69bf752,213.5793922,92.8696062,203.6052476,94.5708838,19,42
629,8ab82cfc56abb6a0d0428e8b6a3d9663,184.2427732,179.272129,180.7550513,171.5932035,36,37
630,a3fb802005ef69d9b064f1192ff51dee,33.0658926,153.409514,34.5219907,161.991058,31,7
631,1e2434e81662265decbb47a97ad328c3,186.1423912,78.4966572,198.958172,70.1698151,16,37
632,9fefa29bc31d03257cfff51862876186,188.6237137,179.9735995,171.9883769,176.0109167,36,37
633,056535bcf7a46ecf79dd90e8df86286b,7.6660837,132.4610175,21.3452252,140.6648153,26,2
634,db8363672e546fe29874c26172aca27f,62.3851336,201.8566337,63.5193004,193.3039289,40,13
635,6d91bbcc7c148d6242af7bc5767e98c8,135.6703132,217.7838602,129.9709981,207.9855052,43,27
636,626d413228edcab63076076ba75368ca,80.2542015,4.152959,77.1404484,23.8591278,1,16
637,8e7031dafe0cf3e806475eb68216f9b9,183.7064845,81.9545228,192.9545348,65.0717777,17,37
638,3f21bb3ea68a4f1ba956894c06ed246b,75.7094266,200.7432043,76.6381839,202.666009,40,15
639,2b1870e02afd0f02d6022d1199888e80,30.6070503,55.3905677,19.970845,67.6354954,11,6
640,68d0b39b78d953f965b2791e89cce73d,99.7369087,202.8887454,110.5927506,204.3379491,40,20
641,356202086e67aabdabb8f057cfe8af7f,134.2917696,20.8720101,114.6594664,17.3809449,5,27
642,e1762ff8515241c4de096c8eae0757b2,40.5395169,172.4496306,39.6724092,170.4485729,34,8
643,c7abddf218bd91973161e53eda46c47b,75.7116409,11.7388451,85.3809572,14.115159,3,15
644,171744dfe1b9aeb656fea129e82e0113,114.0436276,201.4099018,110.5792773,202.1936247,40,23
645,94bfabdecea0157f244c32c33409ea85,54.497537,34.1905772,40.815137,46.6481671,7,11
646,d3643f62ee44389402ab7f461cb03f6f,149.6370069,183.7443583,154.9022933,194.1652188,37,30
647,5638837de89cc9c52e14a591fef14f9c,21.5497585,143.4878296,20.1086324,124.8169509,29,5
648,ff5cd80a9e41c572484e46820840b9fd,47.9784841,41.4483703,45.3553947,42.0215108,9,10
649,71edf9b38be85dc6c2c8f8431310efaf,18.0033535,85.5048695,20.2456951,77.6864619,17,4
650,4ea088c0b962c7d71961c868befc24f0,43.4430236,50.7096967,29.2675748,60.17756,10,9
651,9fd4925f0cc869cc8a0c2287ee952e41,160.1614414,178.7561829,163.8158578,188.1271621,36,32
652,6fddc4e72d930af0350a592d217cc29e,34.1762881,182.9742339,37.6783227,174.5722463,36,7
653,a2c831a751539f1e6fb991cfe8ab7471,72.0633933,194.9684757,75.6095402,193.7693039,39,15
654,cd5b33c534442440d08dd089f91f4325,136.753344,184.4864117,152.3711696,191.8821347,37,27
655,78b02df0addd2f51eeff1707e7cbc2c7,32.0024725,73.6112366,35.7092443,60.1915307,15,7
656,ad433215e38cc0ae484e5b3187271b05,195.1871703,141.4465465,202.7963033,141.4459232,28,39
657,2e08550b6a2d652724e71fedcf4f7e66,40.9384934,55.1162423,35.4259515,58.6316119,11,9
658,c9cb55a09c17bb34bf6159f943b1cee8,34.3818833,42.4575072,40.5873826,42.3103512,9,7
659,1d14a23c844fc69db10abad294c3c185,193.0441553,166.815647,190.2680287,165.2905379,33,38
660,4a043f9e1a44c3cac8e863f886207867,128.0895039,15.0558879,116.2536513,19.6623454,3,26
661,52c051434297adbd0e3c55a586772906,160.7201267,172.5628042,159.4781125,185.8413897,34,32
662,34f0de6df37f2715260cc30cf4adc5dc,3.8478569,93.042007,11.929601,93.2012844,19,1
663,6def77100e6860ad4fc62c3821bcfbfa,175.2147985,34.1217794,166.8386619,36.7240386,7,35
664,42104ac98dbd44ed122dea5f79e4fd87,85.673837,12.584141,98.3770741,17.9950676,3,17
665,31f34102a92636c7d432b39de49486fc,18.846989,73.9817198,23.7668531,78.9541568,15,4
666,3f8afb2c066a6c01f1b60555ea713c31,203.6092016,100.8986583,198.3730214,90.2462893,20,40
667,51123b346aa1bff0cd8df58f5068a0c5,134.591264,218.4066531,135.7390957,202.9381458,43,27
668,93065072e27cfe52491ace975d63faa2,128.0161623,26.0790562,126.6041453,16.596026,6,26
669,9b98c7dcffc0f90cce0e0aa6e7221c88,35.8275076,173.1311991,28.5759636,161.6732648,34,8
670,3132a1a9a08451a3a10611464b9fe0ca,202.5258163,129.5538449,203.842222,132.2179517,26,40
671,3471b21e3036f647c430b9152ca7e827,195.0455994,62.1102885,191.9394127,60.140872,13,39
672,60473d1356306b55b8574668fb409186,188.8730711,32.7341781,172.860568,36.8662254,7,38
673,eec86f63104466af6c850cb36be0ea90,223.206019,120.5995864,203.5197749,122.4117568,24,44
674,f801174d8dd5009d3560b18235e9e505,140.1981721,194.4999143,145.2792409,197.4950008,39,28
675,3049c2712684369f4af7ce2239e02551,145.8943653,192.7936039,154.4205425,192.0171653,38,29
676,f49b96820d9a26a0b97598596b49b3c1,63.2310376,187.5941652,55.5282637,183.0262277,37,13
677,1b8ec0d8a9f18bcf6df0d33f4db14bb4,122.2919377,203.3870729,126.2309708,201.3047402,40,24
678,c630e36dc49b9c576d4e856a38fe12fc,115.8229117,18.8402269,116.624005,14.3123699,4,23
679,415224dc08d9ac7faba191f9cb76e63e,209.0750343,85.9070972,204.3709248,90.147329,17,41
680,6dc51f925311f5f39835be255a09c77f,44.3638675,61.2479645,51.3349647,41.7474276,13,9
681,28fb2679b86e5b0ce2546e05fb0ef363,159.1935043,198.6250879,163.1225481,189.2337989,39,32
682,6f8c158f393686d28a7e649c8caed772,9.207911,89.976731,11.83979,101.9642567,18,2
683,efb63b0a0c074124746a9b9429198af2,145.2257196,202.5977714,153.3873652,190.1095284,40,29
684,d1e02fa55b6a7d9eb98576ecc5f293b7,207.8544828,88.1312866,206.7001488,84.5229274,18,41
685,e8b77d9da6c98e24d5f6601de9e20a13,25.5022844,81.0887084,21.1543037,79.8928207,16,5
686,afb05f8b721b30e2e8f57cd55d0a60ef,168.5200916,18.3780266,169.1895735,30.6489169,4,34
687,bc7ed7b3f9db8bd6070a102c1ac82440,38.5540562,48.2412254,28.0595411,53.5574522,10,8
688,89f50ed256558bb2bbab6cc9f5ba77f6,169.2012968,191.4486499,173.5328927,183.9159763,38,34
689,6a18b1c99a364f970c697ace3d5f201d,209.0895955,144.8513045,195.788131,145.2192644,29,41
690,41f70d68b07554c79c2dbd37da3e22a3,102.7573928,10.4795366,107.7105393,18.9244359,3,21
691,62fe03a7e48fcf553d7fe837ff75726b,68.729452,181.5542702,54.6011724,188.3005102,36,14
692,80b9237043b3c50cc82fca577cd5ec36,167.5540694,194.2175281,158.7026916,188.9179817,39,33
693,9cfc68ae4abbd5563dc6f1b20835b4cf,185.226197,36.3154663,181.7950835,42.579929,8,37
694,cc25c3609886b41b00921cd71b6b95ad,39.9595001,188.627193,40.7970036,180.0781371,37,8
695,38a244b7905624749f8bfa4263621d7d,181.2009358,34.033893,180.2577277,43.1879374,7,36
696,9c085614034f6a4acaa29c2714724748,164.8194692,202.0846951,158.2772228,195.2602473,40,33
697,9ca81f1ec02f213f533c936b6a82e582,40.2362681,40.3898634,49.8229215,40.8717191,8,8
698,85e50233c4461128f0bb669088443596,88.9154006,24.6468312,93.1356817,21.5941474,5,18
699,effea6db390ae3a4208e3a2c64ee6a24,69.0156218,16.9702804,69.2711775,22.0161207,4,14
700,d3035f39de3afdbd85fcf5bb129decf7,9.6975562,117.9842786,19.4375902,127.2757036,24,2
701,386b43e3d388dcae23fd38ce31a942e7,205.5356984,138.2352387,200.4484748,141.9229293,28,41
702,e95304cb39a8910a757a7046fb960bc1,43.8727328,50.6713803,33.3349003,46.5771138,10,9
703,ed4ef467aac403039a9939b635a4886a,196.8057588,94.3786748,203.0837658,94.6568405,19,39
704,35b450ea7688aab9eb905689250b2d48,166.7024448,32.3508909,161.7211725,25.0004688,7,33
705,840b55c9f6bef9fa97304df911c39f55,159.8061298,19.7989473,163.7214078,35.0733002,4,32
706,01178e9616bdd79179d4ba54a7becdd5,178.0932819,166.7381672,173.1948237,175.6232753,33,35
707,b37fe6acac02ad454d77f23834d5ee60,30.3704906,59.122322,32.3090339,61.3778468,12,6
708,1104acffbd517171b4049da55e371f7c,177.6303963,53.8591054,181.2014458,54.0504324,11,35
709,91b2552157e98cd90971e89a43539133,25.0440244,75.3515273,31.0820183,61.2973084,15,5
710,9f2b47e51042456f9edc7cdba4b7f628,77.5131527,18.3428596,71.5651756,22.6915567,4,16
711,2ffdef5ee399f6c0f521f47809c3708b,90.6877246,201.2655566,83.6800317,200.5939251,40,18
712,a9976bcaf2a78df1c69737680226ebf8,213.9405564,97.3742669,205.6441218,102.7749066,20,42
713,47caa74ce25df6e06fac715be1e128ba,112.6220532,195.5839954,103.7083322,200.8868248,39,23
714,1ced1366f8da15c8f5de2796c70328a1,80.2790425,204.8532321,85.283151,197.1153108,41,16
715,7210a7efa3032ddecf142a092070d310,87.9792896,195.4664208,81.042267,205.1916472,39,18
716,f1d12702d4d23192911f4b3f988e1201,217.8848784,138.5097223,200.5865519,144.5554137,28,43
717,83423bc495b3a644060d47ebfec846f9,162.7758102,172.9364047,168.269048,191.2694164,34,32
718,1703feeddc2b81552c8b12df83554242,203.5541667,116.0615372,202.1499517,112.8959289,23,40
719,f7c93a7fecc41f59b1c6aafe3d3d81a1,26.7221617,152.7422493,22.1474791,153.3812698,30,6
720,b6ab4d277b58c1f52e01c0fd84b30468,211.7253063,112.9932376,202.5835932,130.694885,23,42
721,a09aa011c52d03f20c8f6e72d0de256f,174.0252779,38.5825603,173.9033321,33.7349088,8,35
722,40b2f164ff3a6712f0652d9d7bbbc460,9.8641062,107.122878,20.028423,107.7382914,21,2
723,fdd34489e36d274e302c27218cb919e1,187.3067344,65.4682413,197.578216,66.0675965,13,37
724,806e3a2e1243b0bcb321c3e7032872ac,88.5254362,17.4702311,75.2988727,17.2862914,4,18
725,02cc45aecf2f119e382c22eb9b6ee8eb,180.4223213,51.8474996,192.0929712,63.5161956,11,36
726,718340c5db6fb5281c7639e36f2bc837,105.7280843,31.7635326,107.6695308,17.2931021,7,21
727,7f42b3e53e6e3543dbbd44ccfc7b6ca6,43.864873,158.1118451,40.0245179,172.4774512,31,9
728,8720219eee788cf486758f5659eeec63,37.9300445,151.1837279,23.4351668,154.7943039,30,8
729,744e7d9d86abc908309fdd29925ee416,18.5628591,88.8158538,18.9064278,92.6229718,18,4
730,3f87de00cdd1c7ad3c379f1d3064b1b2,190.5909509,136.7132964,197.0447722,146.3759211,27,38
731,86b4812f203ce6d6497e5b4a8f813eee,197.3584297,132.9086651,201.1535023,129.7747068,27,39
732,87a2217a9e9301fdb36daa3dfbcd77e2,145.8874075,26.1894842,146.2286167,21.7532588,6,29
733,b2294e4dbb48319b573becf21bd65c77,46.5918803,62.9662316,40.6538082,52.6318409,13,10
734,d931c038ab25ff07ec758b9212eddb6e,196.954891,67.1492825,193.4192697,64.820077,14,39
735,63e48cc24d30fe54d4842d912503d95f,165.7470187,40.7784332,168.3017808,42.1700482,8,33
736,9c943f630b7c7062952f2f213a964e93,111.2152581,14.3414638,115.4210674,14.2366875,3,22
737,b40df5f63e8e9945c6767ad2fa9b99e7,85.8119199,206.9932076,95.3251464,202.6533792,41,17
738,d22db2ecdd40256366c6293b369666b2,167.5932559,185.2622847,172.1968217,178.7863022,37,33
739,addeff041996ca71b9a71f94f465e855,166.5547408,23.1130236,156.6544164,31.1116901,5,33
740,549a3cfcdc4daf08edb6fc85038ac305,160.7578455,183.2318599,172.0365519,180.3666557,36,32
741,d3b2d4ecc1dd34c36d4c538c110e58df,19.9827062,79.0323604,15.9108187,82.6645659,16,4
742,a575a1fbfd8bafa8e5690bab2281ac86,96.3657807,213.2002591,99.234187,204.784478,42,19
743,58a7270bd14ce6cf0520bbfe2093ddbb,88.7816099,199.8683226,83.2628232,199.9173141,40,18
744,b946d9237216e9a7a6ed423a7b880586,85.2256568,27.3467211,72.6162449,20.5435589,6,17
745,b2eb8257a451dfb15b2ab37f2eba6918,108.9271171,207.7252992,100.6363411,209.0571648,41,22
746,1ce478ca532970748bea62f7cbcaee4a,123.4246863,194.7049771,129.090913,200.7498597,39,25
747,4be4848f0cb11491bf250333a6f1df88,15.0391022,122.5716915,21.9876299,135.5699572,25,3
748,00494a788e4128732517c9f301921310,160.2929189,195.1649866,150.7714445,193.890937,39,32
749,3bd1a6cc32b6acec0635fce24f8cb0f9,193.2419934,153.8598398,203.1855372,144.8777245,31,38
750,b6aaf12c72b580a8503a241b69f862af,205.628691,95.1934985,201.2009564,93.1956688,19,41
751,b76be6a3521c68eb0fb0757de7692902,116.2705109,215.5207825,125.4862219,207.7761573,43,23
752,12ebae02a406fa30bdb92c6ab1e479ab,88.7230037,210.9771616,90.3671083,197.8325086,42,18
753,2504093e80841ad6094146a783968b21,29.7722502,39.4525408,28.2773373,55.9499639,8,6
754,1da201b1a33755519212176232664d46,50.6557397,183.5865415,47.8715946,185.1003412,36,10
755,219a10e8643ff45ca28ddfc3f05257f8,138.7532195,37.7994229,152.8614383,30.8615321,8,28
756,fe9fffad691a205cc2e44f65fbaceb5d,153.8759563,197.8208578,160.4045745,194.0201099,39,31
757,1fe01ab07c906135c594de3ae4675527,67.2979817,15.9252372,63.5413581,25.4920442,4,14
758,e67e67c69b161ca2c21d50012a61fe61,179.1729196,160.4429829,182.1642124,177.7667061,32,36
759,1a5feb383bedfa8c6dc3a6cf1c533c77,31.3790689,130.7377148,20.9666367,129.3147669,26,7
760,9d7143dce0684a89dcd4d7bcc446572e,118.4438293,6.4705774,100.1666004,12.5151076,2,24
761,80b9e635de1219f112dd6bd46269727d,169.4317624,176.6053173,168.1584513,179.4088938,35,34
762,d48ade235dd04e4cd5d36c973aa280bb,94.3906575,194.0484467,96.149885,201.1491871,39,19
763,54314eeda352e6e3b08daaa24253fd87,199.1872838,135.9489163,200.7498597,129.090913,27,40
764,3df836f56aa69f39958d7a892408fdcd,203.8202005,95.7481056,207.4211835,99.5542828,19,40
765,3b35c15d3464481ff8f88ad3634fb053,112.4632842,206.8267496,109.3780005,208.9929953,41,23
766,9522488c1599a6a4c0d45f953fcdb0a4,137.7359301,189.8839896,149.5157162,201.3154323,38,27
767,bc93267f2017e9e5d52e7d2f848b75fb,185.9558383,87.0175589,196.0993437,80.2190832,18,37
768,68bc65dd6c84ba4186f8aeacaf15abfd,175.029675,158.5493984,184.6674809,170.2060403,32,35
769,088efdcf86099e4e66af0aa6aec5e08e,35.5906952,165.1731927,25.5672074,163.5826795,33,7
770,eec8539342ed4cef21293017025e279b,207.3944688,145.6614303,196.1218304,137.982679,29,41
771,0b6c713c24f37ed3dd28b454098f4c9d,154.7968377,185.5425417,158.2244115,185.9895133,37,31
772,5643958970825f8ded2664abd8864ea3,67.4251603,20.804716,71.3496189,25.1109663,5,14
773,10833de1dfc2487df4564e63f1b7bd8e,64.0933335,8.6620555,75.5357077,16.1266142,2,13
774,91ef7967f7f5fd6c3ba6164d97f98a03,211.8188534,116.5722188,206.0636464,118.4720626,23,42
775,1b27e37428d627bb0b16a9db8b9eed19,51.7225255,24.937289,53.6219739,29.2440827,5,11
776,e287964ea06108fbf98bebc9147ddc53,22.8287585,112.1999542,11.0683205,99.3923241,22,5
777,4d3e2d0624e4f6e39421ebc06291f45f,47.7499005,197.6139484,59.8652348,194.7732583,39,10
778,eca4aa5d86087225da67ecbe6aad6f0a,79.6858289,19.3627493,91.5876496,19.6618278,4,16
779,d7f9565fbbdc38350c82f6502f1e2bce,195.2102038,54.8985272,190.1383266,61.2368109,11,39
780,a090f8bb83e27eee6e0afed4ae470ed0,25.1632925,155.8677795,25.6283087,151.0050936,31,5
781,7ad2c3c679211d6896cb95f95d946c40,150.5563775,184.2825061,146.8209494,199.6895628,37,30
782,8b1cae05cc5cb44061f51aada01d5333,34.8236359,148.5075163,30.329182,151.863597,30,7
783,5d0935fc3976ef5d1aaac448d16a5cc0,74.7966227,6.5545419,80.4637755,17.1150634,2,15
784,f929e3b31845af903941c0737f82a73f,69.0962291,192.353849,80.4637755,202.8849366,38,14
785,461eaa6e3218798abfe3d2562873c584,186.4132515,151.8797395,192.9287692,149.0233167,30,37
786,17375a7953b8568ed52442e2f8abd4c7,208.9353655,137.2176497,200.8719416,125.5656745,27,41
787,c3a22d2f2e1bf54ebc311838783d9dd9,39.9886191,66.3479545,41.2511849,49.3897664,14,8
788,e5f289d685351716bf5d656716d85ca8,210.710336,120.5578218,199.9840117,108.3036404,24,42
789,188329ea26874ffa0d2d4f668b010d98,51.7659012,23.3472023,61.9567683,26.3827297,5,11
790,b905999d8450f0af5a9f91742cba053b,191.0257324,109.5990666,206.3147041,105.1546134,22,38
791,c6bae9b0e5a58255b6711f80bced08ef,23.7848892,142.6183146,21.4949491,148.2995556,28,5
792,77cfe5941110f5f9ae3a7c43dba90afb,73.0476219,32.9759554,61.6006438,34.7836299,7,15
793,f998672f6e245c4fbabd3d7b09448df2,18.3079031,102.409316,14.2476702,89.2276304,21,4
794,6b1733dbad7eae9f7f4d2ad92b7eb147,98.360327,4.9169418,97.1477773,17.6159085,1,20
795,bb3c73ea994ecf1aee75c3d37975cb2f,154.3909696,204.2321632,168.269048,191.2694164,41,31
796,90c5cb4926b037de1968321ffeb53ccc,98.5722134,199.873244,95.0940576,200.4312605,40,20
797,26c0fafc186fcd9abc4437cf31a57690,33.1266988,139.5472216,28.3264018,147.8077156,28,7
798,c4fb60620f6fbbac1acedc9cb5430e96,31.7492101,124.2576022,18.7152682,131.612444,25,7
799,3d2a274cdea6951883817329c5c02461,148.8801294,23.8700003,145.4403929,26.6694621,5,30
800,eaf8fb961ffbbbb2ccf8a30dc65cb2cb,100.4740161,198.3743568,100.5318948,203.8634912,39,20
801,4cf9d44480e6c7141a43a928465cc94b,87.2252098,194.3233006,82.6983875,199.7475457,39,18
802,10d6b71c34789032c9e73a30d11f5a66,16.9387121,104.8376187,19.4908315,112.8443652,21,4
803,de62a24d844bacd0f8e1a4c4ebd2b8c9,151.9971923,16.2440802,147.1843736,21.0206633,4,30
804,07dc1dc41829ce3d6f9963692859d7f0,39.9724085,63.2908274,31.3529565,55.0942393,13,8
805,a317d2d827caf6e9ee66304f26943651,152.8674147,37.0552166,141.0178631,25.5139528,8,30
806,7ed3d6ae7530b066cbe1f366d352699d,158.7412803,36.2773517,164.5089619,34.9748504,8,32
807,0f652805a987fc207699c0ff1c3a13c1,181.7380102,48.0830279,187.3490407,51.5438121,10,36
808,e80c2c57fa49ffc4bb04f81bc13a201e,18.2798986,54.6085317,28.2635543,65.0650087,11,4
809,389e19126bd8bbb07cf08fbcdba72652,167.7584117,160.8691498,186.2374703,164.6612122,32,33
810,9adc83b279210e352bb51295b7c95a45,190.6942472,84.9116235,197.7994056,85.6840715,17,38
811,806e43eb1c4df692b5f82d9b27e2c473,78.5903133,-2.9608148,77.6397361,16.4435287,0,16
812,081712596032f669b3d4f27804f5672d,21.2442346,94.6277162,17.2577964,100.0559735,19,5
813,92238675e515cf7ad379225007f95099,212.1914677,76.9606129,204.8202473,79.8483714,16,42
814,1c179109099d5b3952b82c14a5ca1ebf,63.1461816,20.9091882,67.380317,27.637614,5,13
815,18c14e55063046e09a79d4075c5fa07e,52.0768509,178.6160943,46.3416491,183.1273845,36,11
816,9aa50ec4d1cfbb95d2072b26bf80977d,74.0434491,18.4028153,67.2880306,20.6932944,4,15
817,aefed0325f0765c0fab98680608435e8,36.4971922,157.5887668,33.7202949,172.3009357,31,8
818,2c947a350275d3659f836f269fe70ed6,193.3370417,152.6911193,190.4356112,163.1988012,30,38
819,59a78757e07aa686301dcf26e2ed2b57,193.0079316,151.2500868,192.294647,153.90434,30,38
820,e3285f9d07c89825f693f63d6ee0040f,90.8035919,202.1379953,93.6749359,201.8340475,40,18
821,0befae08b6af3c2ab617ce5269a2f975,25.993442,160.4472198,36.4805735,171.6027104,32,6
822,4859da581b98bc465728bbabf3c87093,189.3403113,163.2516489,184.7011923,162.1510486,32,38
823,d1c1bd2ec7198cc26e6fba47359d06ba,64.9094726,196.8197021,73.6240789,197.0447722,39,13
824,1753503e6c153fb58cfd498999d9485f,19.3867269,68.9193341,24.1427676,72.2040261,14,4
825,01d85815c8bd011842d2848433f82947,54.2926924,24.1561037,64.3405809,30.5316576,5,11
826,6fdfd059eba4c8f2c9962ba57de86a78,200.3061274,169.2406269,193.5813596,160.1413634,34,40
827,58db2131db62dd18aafa140d347218ba,194.036774,138.1093333,198.6547748,140.6648153,28,39
828,6279cc8137ceaaa4fa4643de9496ca26,44.4852417,171.6938001,40.0797855,175.6594518,34,9
829,240df87b6bd2cf7e025bd55ea2e80fde,42.8373751,194.6528641,39.9218629,179.2029964,39,9
830,3678e98444a3a918799920f8b8fef52a,103.1999524,201.7290469,96.4993639,207.0450041,40,21
831,a2a8c6dc4beaf6b68fa84535985a9d3f,195.7955893,113.2648708,199.4409536,110.5619815,23,39
832,4a387cda88ddf7dea16fbde72fdd5512,85.6754687,209.6957288,89.770228,200.5027973,42,17
833,3bc30bdc2156f26a2539a0c91257547c,178.569013,46.6141307,181.037811,51.2324119,10,35
834,19bf7ac5f2ddb92da3108de7145f995e,63.896039,180.4633365,64.3949794,188.2315927,36,13
835,e6711d65e54be588ad4492d543e1d1df,25.4497746,113.1129439,14.5090509,119.0265523,23,5
836,b574a374ecd7575ab55797759a298949,212.0047947,89.8337171,201.7378161,85.8303268,18,42
837,068c4acdffd78f9f5b23ddac4bcd6dd9,34.4857958,174.8931492,40.0,180.0,35,7
838,6dea494e1e9daf2c1ba669aa50b3a3fc,212.2224995,91.0359073,204.7283519,91.9296004,18,42
839,69dfa8a9542b9b4b6a0cc2b416ec2a8e,192.9839051,67.1309121,196.1031521,71.4481234,14,38
840,53c1e314e219e3ca8ad8522453c3cbc0,146.6379049,30.4705795,149.4075344,24.8704151,6,29
841,85ed0415860bbb3419c1f3d45c997a78,155.2961381,184.9265341,162.1254681,186.7002971,37,31
842,4eaceac713a2c9a9ecd12765b4ab12b3,19.1053385,150.2220134,14.6282862,138.3590585,30,4
843,edc518dd4b1fe96a21b008e1328b0c4d,22.8109655,139.4341658,19.9551952,134.329676,28,5
844,49b5118920550939c8f85ab17b0054a3,178.1035476,168.4657767,184.8187282,162.9354127,34,35
845,d29458ed2eb221b8f5520e357f92a21e,83.7836466,194.6270783,96.9757929,208.1344487,39,17
846,4c247abed1c9b63c89fa2fa8ce950575,92.1099716,214.7914187,84.310091,205.0790649,43,19
847,5e6bf59fc6a488283216145e8645ea06,143.0425049,209.5599504,127.8750382,203.7042316,42,29
848,6fa9ef05278962613a2b07e46035a83f,183.6855962,51.1714139,173.6058968,44.7750822,11,37
849,ff647bb695cb2f4cb2f8e05a5b31dfca,143.7020451,24.0270907,144.1801186,26.7430514,5,29
850,610ed8c8a177c1b129c17ebaa7a65cb9,188.2804759,75.9143057,194.5889462,68.230272,15,37
851,9a175801d4322228575edce69919e35f,163.0830821,184.4598456,160.9269156,194.8908079,37,32
852,556237b5f53475af3ccb4b10b6e7306c,69.820001,34.8150944,51.910223,37.0234434,7,14
853,76357d55d7a49cfa53456391b9233b20,58.2753153,38.0770609,54.7019971,34.885881,8,12
854,7722c21f3d045c9026b054c18a5638a0,6.57962,136.0956719,18.5934327,139.066122,27,2
855,6a86fe9d4b503d1e98cbdac7ca0151b3,32.9783672,76.1073523,23.5734898,79.4965849,15,7
856,20f48869e5c33986ec3b1bb8a365834e,142.8545292,21.4762994,149.5825162,28.5553905,5,28
857,31f56032bd222e92c3b1e0aa821c3cb4,202.2593979,86.0608061,207.3709045,95.2044953,17,40
858,519c1e4c5873c67a76dfa7771d86f7aa,154.2924539,210.6459197,138.3359609,201.0882721,42,31
859,22092e55fb5f1c92e49d109544a82b91,66.2401704,169.1947724,63.4155189,187.6523414,34,13
860,492699d044311e1aa9e81de685a7ab68,20.1243532,122.4084807,10.6269275,114.9992465,24,4
861,26385b2589f5f53e154b39fb108f6329,122.078621,7.708559,108.1532376,12.0378161,2,24
862,2831cdeca2ad84a053468218f107a3c3,206.3160479,71.4760606,202.4545628,76.0566086,15,41
863,45c6948b480918cdc5593d98678564dd,21.9218686,66.8860923,27.1601469,67.1332443,14,5
864,c6cdcbe9fb29beb80d03ce048fecba4b,131.1382644,20.7462043,148.2230606,23.1725986,5,26
865,54c661ae72d3186570ca3e6653bda053,90.8136752,208.9706744,87.7983274,206.4732384,41,18
866,4e6075097f901177a646dda498cb7022,43.3928628,25.5674547,56.1841422,31.8728379,6,9
867,02d02e7747d9367efc4d0e84c9402f77,112.4684235,3.6068413,117.6538778,16.5044485,1,23
868,c5a4a41122fab9723a5878ba38b9cd49,167.7154776,35.6780986,180.9422116,41.6830723,7,33
869,814a40d95c3a2ad2686bc65f4b7615b3,135.1466177,204.3245175,134.1690031,197.2688907,41,27
870,5521a8f4a23baeae33539c0a1322946a,80.9610216,211.5822336,71.0173628,197.0652284,42,16
871,89e62dce034e6a3c9955e1f60bd62d3c,108.8658003,7.9083494,119.268594,11.9485178,2,22
872,3c76ced1a4c226c1bdfd1390187a5307,81.141633,205.8620313,69.1350925,201.2691587,41,16
873,c3f8ae8c171c2c14c6067b8193f3161b,174.9508655,38.119063,165.9300006,34.027406,8,35
874,d2450dbc105125a6ba7d98b31d8d652d,167.7408786,50.9233121,179.5624389,48.6724605,10,33
875,602c0fac90f1bec5c77991ba5d5b9bff,23.5993887,156.4425342,32.901062,165.2788726,31,5
876,63c812685156de15dacad6035e8322f8,207.0234738,65.9839131,196.4667739,81.3033623,13,41
877,a98e26b8773dd9481e0c0ba051ca2319,41.9818342,165.5795808,34.8501479,162.4642709,33,9
878,c04c979e309f7fec487a5bf6526e1f3e,26.8114232,143.5295193,20.9460272,135.8725708,29,6
879,f18b0aa69c476db52e2eea27cd25c1ea,194.3415077,142.2263761,203.862183,129.7456478,28,39
880,8672fc94ba2648805c1221391d7cda37,173.2408669,184.3232297,185.4510374,170.0594785,37,34
881,4ce17c13c25ee3ea2b06ebe5c320662b,129.0196196,22.5055135,123.144356,15.5160019,5,26
882,f59c63075488b0492ba70a8709393085,6.2910852,79.2346997,19.242491,84.2497659,16,2
883,553f487b65e6284bc569be847fdef8bb,87.5352389,31.9806413,89.5547747,15.7556752,7,18
884,88687d7cfaca62fede4946d5bed3addd,25.4744713,153.135688,26.8276787,148.501493,31,5
885,ae0f5ad80c883ce911a71b66a49e3672,187.2268094,66.3571888,192.4318529,69.9376782,14,37
886,dc5ae6a54265614d9f0aecbc4893b205,51.1620654,31.0751187,58.1644809,30.5451137,7,11
887,99d945179abc0cc91fc4796b0186111e,208.0479212,90.7926202,201.5357541,105.3950322,18,41
888,0a4f637c35b58d83c805470bbd6c9ab7,10.5505148,93.541713,19.7962652,102.0447358,19,3
889,cb046f355dfdfc2c834d85f71a3992f7,123.3914713,13.625314,123.5094089,17.1695316,3,25
890,efffc082023560c79cc6e8ac3c59d542,204.71333,102.0473127,202.5531913,115.8229532,21,41
891,2bb0d16d8b8dd93225662934d0b594eb,33.4892584,81.1418678,24.3673379,77.3343117,16,7
892,b7fbb82a676605696ec5dfec37a92017,130.4288049,24.1352117,126.1363287,19.2276535,5,26
893,cc3d25081ba0ad1f0309e9f53088405b,195.2571049,104.3663347,203.5197749,122.4117568,21,39
894,2b5d21c29315ee47db1be8b5544be7b4,21.3317195,84.4673164,23.3538984,76.9477221,17,5
895,455527888767030af48e179b7da29ce7,69.3474527,191.2249767,79.5653556,203.6682039,38,14
896,19ccbbc377d9542ec641b7c2263dee43,33.9259153,44.9114773,40.6538082,52.6318409,9,7
897,653e4b882dc8160219b01f8cc5a1b531,35.2436551,50.2014853,26.859706,60.1232367,10,7
898,84fa6ca2bab31807617b0e39396fa170,132.1388248,11.4746489,128.6442054,12.2636526,3,26
899,f11eaa8ee1f342500d6ad3231a796e90,207.6266619,77.3254438,202.1081346,83.2401132,16,41
900,0876f93893afb9934814a3f5850fa614,106.7185623,195.6818294,121.7572995,203.0686086,39,21
901,8c00149b3216271b7d8c2a764c52ae4c,200.8809062,104.727639,200.5520639,109.4310371,21,40
902,82c52258372981c30c22dcb8da1bc571,168.9770249,196.5621777,158.5676627,193.3137572,39,34
903,2fb0f850284d6c96752d4d25a0467a85,86.1552828,211.7963706,76.1878003,198.6382263,42,17
904,e49dc4a18a4f1adf002ae0d88540378c,103.9453972,10.5194167,101.0226391,15.0294415,3,21
905,d860db981f82747b895a5d53fe3c6790,147.7990874,25.1969923,153.8898485,30.164662,5,29
906,5302f7abed3351207c82c45f2e240a3c,208.9904252,122.9707777,201.6064365,120.4048446,25,41
907,c1ded0f5defa1e2de6a6920ec27fbc48,199.9599552,85.4282269,196.6453722,81.847212,17,40
908,79d8779a474e15ffd593fbe48da03e94,208.5362558,116.6437798,209.9289473,113.7690183,23,41
909,9c020b53ee092c3c1c26fe4d1c6fa700,38.6424926,165.7322058,33.3863024,159.2984923,33,8
910,63cb9837f6cbccc1e795e9c7c944daf7,31.6897733,124.802155,19.8480298,118.5218702,25,7
911,f3c16d5a470cdd68ac4cd8e28571a785,200.207833,99.9538243,198.5103788,97.119284,20,40
912,f17fdfb227d9466e86825ca0b644a236,113.8309539,20.561783,101.4825105,13.4212634,5,23
913,8cc55b81aa1b0b58b0581090b944649b,177.081464,186.9638653,179.0424141,177.3286347,37,35
914,be4cf782ec61c3a80f6438042ffa5de3,131.5421936,202.9793316,133.8932533,205.546389,40,26
915,799b370ada9ab04d554258af6289354c,61.9235366,184.644108,65.3842759,194.9084046,37,13
916,e994c1f11b9dd5906d647ff1cfabe570,20.626998,114.5095976,18.2700487,119.2528929,23,5
917,e462d777be674d70cacdaf1375c60065,60.976202,172.8953857,45.723743,177.5911443,34,12
918,054cde4963a666c9aa9a899b35d26fc4,74.3146053,182.1344168,61.4429223,194.5115981,36,15
919,c873e96e29af1b79e830fb90ed349e7d,10.4459847,67.3093736,25.554315,65.6274152,14,3
920,d41900c0a351b87aefd13067faa06be8,78.7319963,20.272622,82.8539535,20.7638405,4,16
921,99ae1cdc8dd147aab7058dd0907fc621,29.2275353,140.9302961,24.4772754,141.3984646,28,6
922,1f5103e427790ed3f6254b58f485e333,202.8600561,120.3687453,204.2485786,114.147944,24,40
923,b0b9620873e4193ceb6d17d66a330fe5,120.8191036,182.0366658,128.6416521,198.6142698,36,24
924,c8952df70c75a0ad6990b0e5cbe717e5,36.9903657,157.1769107,41.6996326,169.4563689,31,8
925,618845eeccec4c133ef377e63550b901,95.9161412,16.363464,88.8423387,18.0633187,4,19
926,3897d5fdf1c9312a426368ac65c8986c,22.7944559,132.8046587,14.0202341,132.0881083,27,5
927,e0249c0a78533e8fc0587ebb7af9d4d9,223.6255272,117.4486097,209.4496471,113.1253311,24,44
928,337e518b21d88b76db6ffe45a25b3f19,151.0399201,179.1346373,154.7943039,196.5648332,36,30
929,cdea84c83140318f14a297454b050132,104.9930193,208.4616023,115.361819,204.7166875,41,21
930,c39652d0bbefb4d0f75d13fa58693032,207.854363,112.1703313,208.3641827,114.9484915,22,41
931,bb2d7637fc3e3d41269cfc15ac1dedaa,213.5876416,79.705932,202.9776486,73.1875447,16,42
932,b8d05416c3593a3ec8e5cda995457e20,203.6130897,127.6702311,199.4442487,129.9931583,26,40
933,951a8cd43a9eac7b7f1b86e55bd697f0,204.4996138,166.1906132,191.9404589,166.4425478,33,41
934,c1f3014354a122ec737566330f5546ba,144.203228,30.5217678,157.9837253,30.0152383,6,29
935,be6a529d9ef17a14d7e9a095f2f69036,205.0066889,173.9971271,194.0095679,163.3140929,35,41
936,5c4e64512375a7c7726bd9a9131e2173,161.9668738,191.7430165,152.7119694,199.3067056,38,32
937,188dee0533a272b9aac2b4022731713b,223.3850356,87.9977514,207.2760202,94.592992,18,44
938,0aac3fd8b81f5e0aa47ffc193c0b8807,24.3730868,128.5223351,27.3242343,148.2716313,26,5
939,dcf6d8fbf9cb57897383c11cdfb14e88,109.4793833,23.1448181,106.3264154,12.6013102,5,22
940,57d8f061e18d2b9f8b4f6a5b3260a756,173.3063582,188.516243,174.3812553,185.862072,37,34
941,af4b98af7988dc2f3d3373362120573d,181.2093336,152.0574091,194.1652188,154.9022933,30,36
942,7482b1656a4159f9839d83509e858167,152.1627988,13.5798033,154.1606254,21.9668292,3,30
943,7490b97ebd4d3cf74a2fe45914f019a4,198.4608739,85.2359334,203.7917398,95.7483493,17,39
944,9e64b59bcdf0fae7a183d2df000c907d,17.0386958,150.1631592,27.4930238,160.9175695,30,4
945,fa863bd7a4b8276f99b63b04fc2cf09a,124.427356,215.4258121,114.9484915,208.3641827,43,25
946,99bd7a28c4b525cf2020d81c175ab59b,204.0841401,167.4776623,195.9255575,153.7812583,33,41
947,5ca9c518c3273f4a8f7bb997da231c69,209.5668557,131.3728806,204.4838858,131.743857,26,42
948,a8f4aeded40262ebff90081526437a0d,42.5571537,158.7761001,38.0713174,171.0431373,32,9
949,76e16519eaa1f9f8aa229af2b2e687f4,53.3025729,188.0511667,40.9823675,181.6698431,37,11
950,7e5c6906fa12d91582aeb293f564a9e5,75.226276,180.3396307,71.3496189,194.8890337,36,15
951,6c5ee8bb8f77d151c62d129ca19e6815,95.336361,200.9345452,90.4539102,200.0996691,40,19
952,fe2ac8a0048f83010e3941b60a95246b,66.9922531,198.7680213,69.7067924,197.0428482,39,14
953,2c4456814fa2f33f4490c53983ed1701,51.5507098,30.2018102,54.3124384,26.9404101,6,11
954,a983f137ea03790a16cb5c0f0f988900,206.4438513,116.6179928,205.7633125,104.5789326,23,41
955,f0c4a6156d6c9ef67465e15f9ae5fe45,22.3699179,50.1479623,34.5054286,47.545459,10,5
956,e6a036a1f87484593cdaeae836d8db56,113.6502186,22.50082,129.5113247,22.7113512,5,23
957,ca6c68468863eb4bce7ffe1dc96f801a,140.2820897,193.8230262,141.9608699,197.0545966,38,28
958,536e62dacbe380d4bde213b4758f1bfc,46.1203067,43.0313235,48.5306516,42.0182436,9,10
959,26e2adc8daba69360680884f800569f7,50.8661455,31.7738462,59.9221309,33.2392872,7,10
960,5b7a75cbb68ad068d73dd01d51ca696e,197.6684104,155.5945378,196.7355014,152.153918,31,39
961,974147a414bdb5d80604740afaf35f1b,195.5303227,90.593324,195.0059662,78.791256,18,39
962,a2b6426beb10a2f7c10fc39c81c2f81c,104.8421354,18.808763,112.8443652,19.4908315,4,21
963,e70e415ae24969cb43a448d864df0312,104.2027107,12.3459013,113.7311377,11.0753893,3,21
964,fc641e594da798021ba3ec89df502672,31.473739,54.8688945,36.0991755,54.8758843,11,7
965,0993d4631ee6881810c2f68b59d66247,77.6610479,201.692933,73.1790506,199.6895628,40,16
966,1d19b0bfc5299eb53475e74979b9ed44,218.4071433,101.1307611,209.2882605,98.090284,20,43
967,6a2f4e0a3d2a88d210dd00739251e5b2,23.2190019,164.4024787,29.2317208,162.6923626,33,5
968,2ed73ceb8c45b88b6a86be2d31cddbc5,110.8173313,198.7285272,111.1653266,202.7288629,39,22
969,df80a1a58c246c6a231b5b949ca4488f,184.6571896,146.1238875,191.6917045,149.0700066,29,37
970,6c2f9758285c3f6e463578634fefea31,113.5895027,18.7359316,123.4324316,17.6984844,4,23
971,d73fd97fef031c335ec4f060308de199,204.9390486,148.8297739,193.1617371,142.926061,30,41
972,7d55a39c429b3ccd59e8c8450b6a486b,117.546148,20.0811174,107.6831197,17.8336717,4,24
973,c2f77336d44db6bef1539b2bc88da606,94.398435,27.1090466,98.2427005,16.9313914,6,19
974,7a16b714bced7f109e3bad415477dc8d,153.3796418,186.0687426,159.594582,187.0738441,37,31
975,b40c9b6d2e3d7029c852579874a62f64,210.1578401,67.3244111,201.572364,73.7439363,14,42
976,49230bdd8ff8c5c11c3e815a38aab153,32.4836756,36.0276219,32.1530973,48.0333982,8,7
977,bfcb8a2da132d59519efddfffa5d2173,42.5324079,176.5265423,30.1555523,164.9987652,35,9
978,74c8295c722a2390ef64d03dd251e382,16.5729554,95.1285735,13.1323077,95.2809584,19,4
979,508ba064290f444766376fc13a8eaf29,184.1978518,187.8920225,168.4561879,187.3490407,37,37
980,93feac3d79f071da562e776c732b0e54,111.9596098,193.7398856,125.9453595,199.6980797,38,22
981,ad540fc87177add32b5932e2cdb37044,31.7561684,69.3234039,20.5988795,75.2517675,14,7
982,3777a21a0e716d5be5f056388f486041,171.3358236,191.0451095,176.0060823,174.3676712,38,34
983,4ff9f1e7f2d9aae7fa9e472c72a2b28a,186.1549436,174.565675,184.2877238,170.6739985,35,37
984,11c5ddcd4305ff4a7fa87c76435686cf,97.8385436,4.1790787,85.0376688,15.253591,1,20
985,18ebdbfec6e20b66ed46912268c5c0b1,54.2970512,36.3234281,68.144144,27.8532574,8,11
986,8121ca247e32973dce1bef18c167f768,72.1314567,11.740889,85.7607081,15.5941912,3,15
987,da504f1df971aa0c1af47107e1e28fe1,152.862434,29.2534508,151.5863654,20.1636253,6,30
988,dabb994aa615a4a4bad1f6697570c442,33.1388028,51.413252,25.8634305,58.8039291,11,7
989,c392b832c8d86f7d2c688d58682ef07b,138.6489865,15.6083069,136.5564126,14.1107047,4,28
990,0b525e12ea973f984be543eb95671d72,58.8909384,35.8582868,55.5282637,36.9737723,8,12
991,66cc387aff2d46c08447e63782a876ad,197.8826821,110.1613053,208.9461013,113.1095065,22,39
992,c04b72b126eceb289c28be1f329e1f8e,29.2341164,73.1345441,25.7105102,78.4519112,15,6
993,0d3282f7b9482b3404e2fc4c5b5cc55d,151.7319329,200.1264327,159.0006134,186.1507707,40,30
994,8fd03f077974e52eed48dfa5a7a40567,174.4448213,186.5243319,173.1948237,175.6232753,37,35
995,c2a1550eb2c36b481ac674c8dcc4178f,192.9177705,70.8363244,195.1150956,62.5087323,14,38
996,36c9e0020e33cee84f248a0c3a103d3d,44.1509792,168.9123499,39.6321969,173.6268205,34,9
997,6541f950db5251fad22b3dc639e328c8,170.8457417,164.6116308,164.2636588,181.8014996,33,34
998,43b557dc55a26d4bf2ab153edc03c000,211.3099374,123.227144,206.2062661,116.6599077,25,42
999,658f84c8ec553679192e15ebef42d60e,39.1789,181.3156783,55.6250612,181.0166602,36,8
